Sample,DNAmAge,Comment,noMissingPerSample,meanMethBySample,minMethBySample,maxMethBySample,corSampleVSgoldstandard,meanAbsDifferenceSampleVSgoldstandard,predictedGender,meanXchromosome
GSM990385,58.5437680268191,,0,0.281534418991115,0,0.996469,0.964914291552315,0.061757339844571,male,0
GSM989849,89.0492847143918,,0,0.272610076992468,0,0.99643,0.964068330614605,0.061122230074345,male,0
GSM990329,51.1926994835057,,0,0.278326079822972,0,0.9971897,0.968166390625362,0.058584486789056,male,0
GSM990480,39.4018423424962,,0,0.278192306266344,0,0.9972423,0.969323273015898,0.057334466023392,male,0
GSM990116,57.1939181969916,,0,0.278466374833667,0,0.9971299,0.969718819245705,0.05681662715259,male,0
GSM989855,70.199534561193,,0,0.27723947861904,0,0.9961438,0.968937914305716,0.056847191081445,male,0
GSM989848,62.7942770863467,,0,0.26812719328128,0,0.995351,0.966568807245838,0.057056329925029,male,0
GSM990517,34.9443920063199,,0,0.288949023885862,0,0.9971157,0.96829324384039,0.062187400595785,male,0
GSM990621,67.6853367331876,,0,0.285439148428856,0,0.9969178,0.966366601000578,0.062263460455119,male,0
GSM990485,52.0405732297037,,0,0.279095557581145,0,0.9941546,0.967869035702648,0.059122800669661,male,0
GSM989840,52.6634107343263,,0,0.27649582599386,0,0.9968127,0.96617132117932,0.059701412538718,male,0
GSM990059,73.5403030066209,,0,0.268294295758844,0,0.9938429,0.965789586575301,0.057697214226946,male,0
GSM990307,61.853863706033,,0,0.280299827863639,0,0.9971961,0.962667507903429,0.064278435902032,male,0
GSM990327,42.5337898099423,,0,0.274970719162348,0,0.9966887,0.96870030056924,0.057109573459062,male,0
GSM990384,53.4941337741837,,0,0.283792028419432,0,0.9970332,0.96563016025255,0.062876583899775,male,0
GSM990279,54.348889994054,,0,0.276402181875623,0,0.9974149,0.966781388942411,0.059318980211631,male,0
GSM990432,70.3970596644414,,0,0.289973825315488,0,0.9973288,0.961234890912431,0.068459712517974,male,0
GSM990516,61.9959807822854,,0,0.284045487659263,0,0.9975048,0.960975128132533,0.066270532501969,male,0
GSM990000,80.0848285692273,,0,0.269286885039714,0,0.9969358,0.966251501281679,0.058021137947813,male,0
GSM989837,73.7972452310969,,0,0.27136684424529,0,0.9961144,0.963826977034055,0.060064150800003,male,0
GSM990337,61.5819675166654,,0,0.269653824799663,0,0.9946203,0.966224256741475,0.058564265003724,male,0
GSM990594,75.2110259495617,,0,0.287497781749837,0,0.9968907,0.958856277704646,0.06938329665407,male,0
GSM989990,55.153175380946,,0,0.270063875439732,0,0.9967329,0.968857314537628,0.055392182777375,male,0
GSM990027,84.2254706422693,,0,0.270778352839937,0,0.9965517,0.965758399286666,0.058855563184917,male,0
GSM990009,62.8028338290584,,0,0.279852624063139,0,0.997211,0.966979861222465,0.06015292426814,male,0
GSM989904,80.6131454614853,,0,0.269293850761811,0,0.9953803,0.965456630243096,0.058156400620183,male,0
GSM990500,34.341724799891,,0,0.279872982828783,0,0.9970402,0.968760867530183,0.058870622516473,male,0
GSM990097,40.6613595635937,,0,0.279477749003569,0,0.9969011,0.967202656126562,0.060475568701671,male,0
GSM990020,82.5092705741764,,0,0.275554702955876,0,0.9970278,0.962177177113702,0.061533090978443,male,0
GSM990386,52.6987768210567,,0,0.280829110705424,0,0.9958743,0.968174752637991,0.059409637584748,male,0
GSM990465,65.8103505750387,,0,0.279011376165343,0,0.9965153,0.968825373030003,0.058608244625248,male,0
GSM990505,52.7867027328438,,0,0.280219790035182,0,0.9963424,0.968129008416618,0.059408754622913,male,0
GSM990562,80.1482646217755,,0,0.275863532305139,0,0.9969938,0.959075667353212,0.064885404213257,male,0
GSM990548,63.5271368869425,,0,0.277063968010145,0,0.9969196,0.966619165701396,0.0600438080944,male,0
GSM990576,75.7848238306834,,0,0.278867125133878,0,0.9969251,0.965783674811594,0.060998146012388,male,0
GSM990611,59.6946197821781,,0,0.293927211963617,0,0.99743,0.961704319708899,0.069547884903273,male,0
GSM990091,48.7337603937263,,0,0.277209616313996,0,0.9972138,0.96878536567607,0.057913387564825,male,0
GSM990294,59.1514631223887,,0,0.275675005493978,0,0.9976026,0.967045807983907,0.058973091308452,male,0
GSM990017,74.2129971187543,,0,0.269935711591316,0,0.9955819,0.963088402172744,0.060087938345094,male,0
GSM989939,65.3530317108103,,0,0.273653117804537,0,0.9970797,0.9667414592602,0.058858853645669,male,0
GSM990397,70.7545868377641,,0,0.27867044516115,0,0.9972333,0.962698595772756,0.063396481702484,male,0
GSM989996,39.5593148184386,,0,0.274326842372443,0,0.9972313,0.968609814791935,0.056952476502241,male,0
GSM990512,65.1647221991292,,0,0.287649193907983,0,0.9971796,0.961329663720691,0.066903288449829,male,0
GSM989851,69.2503606957009,,0,0.27936969556873,0,0.9957275,0.967103765617355,0.060025888311312,male,0
GSM989937,55.9145278142635,,0,0.279363930170126,0,0.9964961,0.968439384183751,0.058243172368355,male,0
GSM990273,62.5429222730935,,0,0.278855425482948,0,0.9968601,0.966814425164665,0.060141428075357,male,0
GSM990355,42.4729913017572,,0,0.291699607538929,0,0.9983088,0.9593356497889,0.069457430598267,male,0
GSM990440,63.1289537982214,,0,0.282833218017186,0,0.9968926,0.965048203098064,0.063187903445154,male,0
GSM990317,62.0913795888291,,0,0.278319023096484,0,0.9970924,0.966029807931113,0.061232453555753,male,0
GSM990372,61.025452025935,,0,0.289432030334928,0,0.9972337,0.960691967503274,0.068194333804331,male,0
GSM989979,60.3245686847579,,0,0.273441779367785,0,0.9970348,0.969908810600685,0.055257231548106,male,0
GSM990334,58.7492303120542,,0,0.279472082207691,0,0.9973289,0.960756659984313,0.065317698344318,male,0
GSM989959,60.3960766650139,,0,0.282874812623609,0,0.9969681,0.967926332553328,0.059986455781741,male,0
GSM990369,45.6837491375575,,0,0.2859781652156,0,0.9968967,0.964903076049698,0.063990486815445,male,0
GSM990321,61.3974433401305,,0,0.276691740946988,0,0.9974948,0.967681697318521,0.059007957639668,male,0
GSM990057,58.0607422060109,,0,0.270799698007504,0,0.9970151,0.968099611236771,0.055868442951195,male,0
GSM990360,56.4745925807965,,0,0.290072563107371,0,0.9979717,0.957052959843041,0.071305734691384,male,0
GSM990502,46.9184015154201,,0,0.283371834701208,0,0.9974858,0.969039036638859,0.05935994832186,male,0
GSM990507,45.0217482029413,,0,0.281263632946734,0,0.9968517,0.9688588484462,0.059370013289353,male,0
GSM990446,59.0005743479656,,0,0.278817711931937,0,0.9966405,0.967669649725954,0.059512497581746,male,0
GSM990445,74.9480143683646,,0,0.277183401138061,0,0.996734,0.965637114939464,0.060922422969549,male,0
GSM990437,59.0709111838895,,0,0.284443763182233,0,0.9967287,0.966036932312184,0.063476178761183,male,0
GSM990421,85.8510519559565,,0,0.288012457698759,0,0.9974307,0.963522518625969,0.065395386333264,male,0
GSM990571,73.8921971114634,,0,0.280073926434662,0,0.9969902,0.966944757754312,0.060441403831129,male,0
GSM989843,70.6010375884328,,0,0.271953582250706,0,0.9948077,0.968901539747957,0.056329000920616,male,0
GSM990405,66.7590945502951,,0,0.277068490775463,0,0.9972692,0.965602562658539,0.060365486171726,male,0
GSM989856,69.2267326575627,,0,0.275091316180797,0,0.9963639,0.96421955572836,0.061153170121261,male,0
GSM990624,72.9172969557576,,0,0.28915360182383,0,0.9977404,0.965228765666699,0.065401803716049,male,0
GSM990555,67.2517650284841,,0,0.278564544081212,0,0.9965457,0.965390073670183,0.061595759244233,male,0
GSM990348,71.259876514152,,0,0.280846720077006,0,0.9979586,0.959311647203193,0.066972086345522,male,0
GSM990356,56.6668748450548,,0,0.286331763474447,0,0.9979305,0.963435736100445,0.06539471043461,male,0
GSM990104,63.3240223236603,,0,0.276014004102703,0,0.997484,0.964515118262566,0.061691924200867,male,0
GSM990375,33.7626210202989,,0,0.280487428499029,0,0.9969406,0.967700383127201,0.059830771995503,male,0
GSM990019,68.2150143330893,,0,0.270432171614179,0,0.9963409,0.966781588178931,0.057252196468723,male,0
GSM990278,49.8480008803627,,0,0.277400560704401,0,0.9976144,0.96491560896991,0.061622216702367,male,0
GSM990359,60.4789614302615,,0,0.286295328480658,0,0.9977878,0.964960785873659,0.064523778989871,male,0
GSM989874,64.2553989115275,,0,0.272475099642257,0,0.9950545,0.968386917343222,0.057032917842633,male,0
GSM990366,61.5358513925331,,0,0.287750521503807,0,0.9974777,0.963314197534019,0.065968925551785,male,0
GSM989933,83.804415567813,,0,0.278163089032502,0,0.9967162,0.964052165900653,0.06172801547144,male,0
GSM990270,62.5696681635514,,0,0.284725593969957,0,0.9973482,0.966117495515499,0.063116826715931,male,0
GSM989883,65.7505091975508,,0,0.274078422356093,0,0.996388,0.96878322840359,0.056401699726705,male,0
GSM990365,59.7030082859564,,0,0.287023958640137,0,0.9974247,0.95680006769832,0.06970101906048,male,0
GSM990032,70.6011982009948,,0,0.282466467260717,0,0.9976819,0.961745716597479,0.065476854835555,male,0
GSM990584,71.6595176607838,,0,0.280391219035836,0,0.9969961,0.965894840342985,0.061220690072242,male,0
GSM989892,64.1447331418621,,0,0.278896528659684,0,0.9965719,0.964946781065869,0.061386289404225,male,0
GSM989829,63.9978103984383,,0,0.276491149195155,0,0.993583,0.969193633938537,0.057113328958776,male,0
GSM990545,65.9821636401534,,0,0.273667471532512,0,0.9972993,0.967024286499558,0.05851057592206,male,0
GSM990320,63.6992225220328,,0,0.277998641440475,0,0.9963826,0.967265331972862,0.0597733386277,male,0
GSM990567,67.8779590764012,,0,0.293024958748763,0,0.9973004,0.964366848077423,0.06712967612349,male,0
GSM989894,64.5493183527042,,0,0.268564731628764,0,0.9965708,0.970076844520453,0.05428887160746,male,0
GSM990010,73.3975631306189,,0,0.27899894682481,0,0.9969454,0.964945834776813,0.061834796405108,male,0
GSM990530,50.1977076546652,,0,0.284592795734684,0,0.9972069,0.969404860939411,0.059867560351119,male,0
GSM990464,53.2877577077341,,0,0.275654658638625,0,0.9970319,0.968481435917921,0.057862509384051,male,0
GSM990068,62.9798511376785,,0,0.273232102777165,0,0.9950061,0.966604838565462,0.058404312169039,male,0
GSM989997,42.7032923215715,,0,0.273268532063965,0,0.9964265,0.968898115573331,0.056430199689149,male,0
GSM990590,66.4435644633901,,0,0.292944321304083,0,0.9976636,0.96500404978743,0.066362771355226,male,0
GSM989827,53.6604221185514,,0,0.275467839233713,0,0.996447,0.969550735076639,0.056185535025929,male,0
GSM990336,63.9289715881302,,0,0.275866742990721,0,0.9972754,0.964576241501377,0.061737320915059,male,0
GSM989999,56.3603805410049,,0,0.275208425782514,0,0.9963434,0.970743863091658,0.055028820054104,male,0
GSM990494,75.3808757817882,,0,0.270323509569848,0,0.9971082,0.959882807014488,0.062413982289625,male,0
GSM990328,71.2432345974994,,0,0.272853945471049,0,0.9976345,0.964137483863843,0.061990747554924,male,0
GSM990416,57.661803050771,,0,0.280191678624251,0,0.9975246,0.966587942877932,0.061352820132808,male,0
GSM989889,57.866033963424,,0,0.285038402933501,0,0.9969766,0.970153696358398,0.056997906346815,male,0
GSM990627,76.284935403396,,0,0.279342733178279,0,0.9977426,0.960354111395497,0.065875572752916,male,0
GSM990099,67.1144719170471,,0,0.276169379914426,0,0.9972016,0.964904892853321,0.061852336762896,male,0
GSM990438,53.4245750445028,,0,0.291385050986794,0,0.9970981,0.964969489991094,0.066807522449972,male,0
GSM989929,73.6171414581225,,0,0.26557129091554,0,0.9941226,0.96412148771928,0.058041386482197,male,0
GSM990535,52.6976877584877,,0,0.286324631531147,0,0.9972003,0.968478801108916,0.061420132819186,male,0
GSM989932,74.5686246540154,,0,0.275856789497807,0,0.9967771,0.967052730660676,0.058327074332486,male,0
GSM989869,68.3140621492026,,0,0.270404841291626,0,0.9971184,0.967316701714447,0.056321217127118,male,0
GSM990346,46.4790619972281,,0,0.278018106083319,0,0.9971448,0.96722832868356,0.059896597182112,male,0
GSM990119,57.5641325548582,,0,0.286921806514058,0,0.9981984,0.959266772475108,0.068956953554487,male,0
GSM990462,76.8672474632518,,0,0.272597507176315,0,0.9968284,0.964395709659675,0.059283715367218,male,0
GSM990514,60.2794634198273,,0,0.269104421163509,0,0.9956453,0.969280796987408,0.055007948181851,male,0
GSM990042,67.954003837709,,0,0.276536393336067,0,0.9974259,0.966952440342266,0.059240731345159,male,0
GSM990466,73.4539749290146,,0,0.27636883608482,0,0.9963609,0.967526538464245,0.059018122222437,male,0
GSM990406,68.6835728860806,,0,0.280451988930645,0,0.9971251,0.965023958907046,0.062110128172517,male,0
GSM989828,75.9270356255542,,0,0.270001186208019,0,0.99357218,0.966982480650566,0.057609333082293,male,0
GSM989863,83.6152637341194,,0,0.265325911632959,0,0.9966214,0.967612167272736,0.055437299116373,male,0
GSM989953,70.8182339193861,,0,0.273193108714602,0,0.9964923,0.970127840354687,0.054489694649815,male,0
GSM990383,60.4630547528698,,0,0.283133688133595,0,0.9975961,0.964227261625706,0.06394029294789,male,0
GSM989952,62.1857391330991,,0,0.272137395897671,0,0.9961371,0.970094472393801,0.054960837412369,male,0
GSM990623,73.1585053093272,,0,0.291222434191316,0,0.9970647,0.966590852363655,0.064918513680213,male,0
GSM990429,79.1546355701321,,0,0.277422353921727,0,0.997495,0.961380418137433,0.064360587229956,male,0
GSM990511,58.0523199568623,,0,0.28512737680191,0,0.997544,0.963799938191017,0.064409515532679,male,0
GSM990094,61.4359140058775,,0,0.274271323562985,0,0.9973516,0.963019226501559,0.063036078567142,male,0
GSM989966,55.902800713006,,0,0.271005374340646,0,0.997004,0.970612393274094,0.054027104320293,male,0
GSM990609,58.4274587322115,,0,0.292474484706783,0,0.9967797,0.966100102904085,0.066077373931936,male,0
GSM990613,67.8412922602681,,0,0.282368191465049,0,0.9970782,0.96180830805257,0.064774634918524,male,0
GSM990614,69.7461073145576,,0,0.287367905212208,0,0.9969015,0.967269183980044,0.062791711213381,male,0
GSM990568,69.3469211973511,,0,0.282964049175507,0,0.9978767,0.964862315274771,0.063531521102179,male,0
GSM989831,64.533618636388,,0,0.278401313742194,0,0.9971023,0.96950056177125,0.057461404221078,male,0
GSM990564,71.8718458493659,,0,0.284897188521732,0,0.9972157,0.96307075841072,0.065391310360788,male,0
GSM989950,64.4048450599863,,0,0.272592814086196,0,0.9968941,0.967507399561829,0.057490601303852,male,0
GSM990033,81.0543341888658,,0,0.273381501495142,0,0.997789,0.960611787058047,0.063709116780711,male,0
GSM990023,77.8217579389106,,0,0.27322855516883,0,0.9966407,0.966709790392558,0.058538458780502,male,0
GSM990083,55.7531611731251,,0,0.274043396600464,0,0.9959041,0.969077525166387,0.057211817696059,male,0
GSM990002,66.8805796641012,,0,0.27708241966686,0,0.9957829,0.968698598961089,0.057574983309259,male,0
GSM990299,43.4939884873175,,0,0.276941540039551,0,0.9979672,0.965361121444952,0.060590333304035,male,0
GSM990389,61.9831470903034,,0,0.284070110045821,0,0.9974376,0.966951120682436,0.061787241188602,male,0
GSM990349,48.8044178294634,,0,0.282181848490383,0,0.9976258,0.966702527275553,0.061143091302148,male,0
GSM990339,51.2522693252626,,0,0.278794710462115,0,0.9975325,0.966636852918107,0.060229219618409,male,0
GSM990311,57.6898360851186,,0,0.275043103671462,0,0.9975766,0.965177658581179,0.060947957030719,male,0
GSM990411,62.0419635755079,,0,0.280128057546855,0,0.9982018,0.965694401973706,0.061701418231304,male,0
GSM989962,63.7008015582535,,0,0.273011192968138,0,0.9966088,0.97033431595512,0.05483632847494,male,0
GSM990309,54.0336855350601,,0,0.277654176436324,0,0.9974947,0.968194863376911,0.058812182543149,male,0
GSM989916,76.1976979661752,,0,0.271558403773122,0,0.996711,0.967435766675249,0.056337505503819,male,0
GSM990573,74.9798189992212,,0,0.288917221591612,0,0.9972081,0.957860123086302,0.06933509090052,male,0
GSM990014,66.2914811919371,,0,0.280707731770735,0,0.9961055,0.959673244889258,0.065830904690195,male,0
GSM990586,71.3029999490457,,0,0.285998259023342,0,0.997463,0.966263828728591,0.062583776667582,male,0
GSM990542,39.4293710358363,,0,0.279110105414061,0,0.9977841,0.970608534798913,0.056530581880544,male,0
GSM990036,76.1600390297782,,0,0.267071309541158,0,0.9976119,0.960982166573255,0.061316947406345,male,0
GSM990085,55.0622102255645,,0,0.278022860907611,0,0.9973108,0.968118891917304,0.059035416281947,male,0
GSM989846,58.8489552070826,,0,0.272095288861429,0,0.99599,0.969505877941315,0.055511891065152,male,0
GSM989935,56.5490070059966,,0,0.273928600137232,0,0.9966726,0.970100547090273,0.0549833520429,male,0
GSM990598,77.3255106328801,,0,0.289332219311059,0,0.9967895,0.965072298031102,0.065283069405613,male,0
GSM990060,71.4113889477906,,0,0.266647058445708,0,0.9965969,0.968381402196581,0.055062607720523,male,0
GSM989842,67.2796531407554,,0,0.273952925037428,0,0.996384,0.969801468502348,0.055780843437556,male,0
GSM990367,48.3005820027943,,0,0.281961508841596,0,0.9972315,0.966342857869594,0.061311200453549,male,0
GSM990292,38.6654811270709,,0,0.281393716034809,0,0.9978552,0.966258491244777,0.060948856497141,male,0
GSM990451,53.6127304320348,,0,0.284007463594006,0,0.9964175,0.965828991975126,0.062813183151052,male,0
GSM990061,73.0280472336687,,0,0.274565697457029,0,0.9929554,0.96833668226404,0.057076871692926,male,0
GSM990518,26.5136601162779,,0,0.280946262401152,0,0.9975175,0.966691141889309,0.060839821468156,male,0
GSM989857,75.6710974062746,,0,0.274261763479223,0,0.9947125,0.965601107662085,0.059957721738157,male,0
GSM990314,54.2869399427685,,0,0.274846096069283,0,0.9957371,0.967131917211138,0.058887834621093,male,0
GSM989854,51.3679857214325,,0,0.265773867380066,0,0.9964894,0.962644213025575,0.05938585806753,male,0
GSM990088,52.657469915384,,0,0.279184857045305,0,0.9970104,0.963624847717523,0.06403460141821,male,0
GSM989871,77.9610500904025,,0,0.276302746669933,0,0.9963214,0.968224098714052,0.057347392008138,male,0
GSM990046,70.4351477165075,,0,0.273654144821817,0,0.9964625,0.967927442625392,0.057660306980261,male,0
GSM990476,49.4891190526389,,0,0.276747236304829,0,0.997036,0.969435522947676,0.057249113088477,male,0
GSM989984,58.1153199096279,,0,0.272045781646533,0,0.996855,0.969425493452798,0.055743428699197,male,0
GSM990013,69.3100252383896,,0,0.277095675363214,0,0.9965451,0.96742136421258,0.059320988484022,male,0
GSM990080,52.2492949684143,,0,0.274671783626974,0,0.9968408,0.969001875340501,0.057761100619956,male,0
GSM990558,90.3530070627805,,0,0.274754089434769,0,0.995524,0.96276279548346,0.062372485457955,male,0
GSM990447,69.1960743325134,,0,0.290631735479298,0,0.9972381,0.959961856468246,0.0691622303203,male,0
GSM989992,36.3334141988754,,0,0.280664460329145,0,0.997224,0.963748865563973,0.06261775229037,male,0
GSM990619,68.9532063679277,,0,0.293344750233113,0,0.9973723,0.965742285777309,0.066537790936602,male,0
GSM990521,52.3236940648365,,0,0.278385883974541,0,0.9975134,0.963503403394055,0.062330430296768,male,0
GSM990358,66.3424467815061,,0,0.288197923728559,0,0.9978792,0.956638866789424,0.071322742941064,male,0
GSM990583,73.2045862188113,,0,0.29531844294478,0,0.9971976,0.963083231158496,0.068668685266471,male,0
GSM990056,67.3471652867793,,0,0.271141340173074,0,0.995428,0.96836550093423,0.056275274689814,male,0
GSM989865,74.8267372762388,,0,0.277750294220695,0,0.9971471,0.966462280280174,0.059400392375942,male,0
GSM989895,71.5470492627219,,0,0.267077074927564,0,0.9968888,0.96618565826314,0.056958327557764,male,0
GSM990112,56.7194048894128,,0,0.27377094789383,0,0.9961085,0.969562817980538,0.056173147387162,male,0
GSM990414,55.8633573685381,,0,0.291596182897978,0,0.9971079,0.964141424567942,0.067434194703217,male,0
GSM990313,54.0049688130368,,0,0.284367396860035,0,0.9971067,0.964400241351533,0.063510155945412,male,0
GSM990286,55.2672030728887,,0,0.282648922347215,0,0.9973788,0.965268556554257,0.062489482878347,male,0
GSM990275,60.2219054902874,,0,0.281395627901678,0,0.9975394,0.964239735749524,0.063520066242013,male,0
GSM989888,76.7617903390659,,0,0.272322714236209,0,0.996353,0.967076307629721,0.05808470809775,male,0
GSM990458,53.0109116700391,,0,0.284318011029806,0,0.9973445,0.962858432817739,0.066467990683772,male,0
GSM989891,67.4957708906547,,0,0.270061844794445,0,0.9953249,0.965683389866019,0.057986610250728,male,0
GSM989879,73.4487930753886,,0,0.27677223478682,0,0.9961646,0.959680334749688,0.064353235737312,male,0
GSM990102,47.5394503209702,,0,0.277319367386836,0,0.9970796,0.967507667116149,0.059697331376897,male,0
GSM989884,77.0115175901292,,0,0.275956377449676,0,0.9957861,0.967956677850825,0.057566445663359,male,0
GSM990089,66.7355392825103,,0,0.271487300595708,0,0.9966741,0.967336730845674,0.058598454408387,male,0
GSM990301,59.0685402940558,,0,0.277697451936807,0,0.9976615,0.967373889602045,0.059461344133185,male,0
GSM990452,100.083586870445,Old DNAm age.,0,0.279962354997923,0,0.9965084,0.948286135666706,0.071097183329657,male,0
GSM990106,66.4572300810951,,0,0.274954286942425,0,0.9972869,0.964352363535443,0.062024662552411,male,0
GSM989898,74.881807652214,,0,0.275459135848946,0,0.9964176,0.967729360508542,0.058622010516919,male,0
GSM990377,64.4643752929994,,0,0.286922358533024,0,0.9969054,0.967157822695111,0.06252898093854,male,0
GSM990001,78.2796631114891,,0,0.279503568540587,0,0.9967891,0.967063476686311,0.060119779650369,male,0
GSM990392,58.6872660887238,,0,0.282745136965378,0,0.9973065,0.966799598507002,0.061248667694129,male,0
GSM990550,77.5250811743183,,0,0.281516846102228,0,0.9970388,0.965275312602002,0.0625680949369,male,0
GSM990316,62.7087794180815,,0,0.279286940720217,0,0.9970346,0.963424352118553,0.063491798352127,male,0
GSM990433,49.3556283631314,,0,0.278183690410473,0,0.997552,0.966900774538058,0.060209084571764,male,0
GSM989981,60.4783711836149,,0,0.269918379035935,0,0.997157,0.96927316618146,0.055138399306422,male,0
GSM990305,57.7444880146816,,0,0.272131250307009,0,0.9946445,0.967761667137921,0.057743733489812,male,0
GSM989994,49.7804358715298,,0,0.276576845649232,0,0.9960811,0.969995856062485,0.056064489086342,male,0
GSM990597,75.7693806996034,,0,0.280428335106927,0,0.9969488,0.961632885832432,0.064627327043158,male,0
GSM990593,65.1707059173195,,0,0.282475548465351,0,0.9969246,0.966804256065262,0.061550986318167,male,0
GSM989834,65.6910132333878,,0,0.271819996871946,0,0.9953827,0.969415590254863,0.055486766722444,male,0
GSM990096,55.2763381031614,,0,0.282158004364467,0,0.9986315,0.95354426082334,0.069034745261133,male,0
GSM989987,37.9388040292075,,0,0.269331891273598,0,0.9976063,0.966610558981086,0.057917098402299,male,0
GSM990067,61.0785370612618,,0,0.264159312529207,0,0.9939715,0.964973086308404,0.05706238547715,male,0
GSM990554,65.4287075789117,,0,0.283415408030202,0,0.996862,0.965666511738368,0.062935120113002,male,0
GSM990604,65.8939603571939,,0,0.283169184494372,0,0.9970107,0.966226042463905,0.061806243150799,male,0
GSM990592,48.8564687313327,,0,0.28780867467384,0,0.9970546,0.966838211795173,0.06275121325044,male,0
GSM990276,66.926011356901,,0,0.280424726487237,0,0.9971126,0.964214897710279,0.063047052927064,male,0
GSM989975,44.6491976451808,,0,0.273642407486788,0,0.9963551,0.971310586787382,0.053934019433309,male,0
GSM990602,77.7411872334576,,0,0.283706392840099,0,0.9972833,0.963840604547637,0.063311388311797,male,0
GSM989876,60.9507293289476,,0,0.278274413525907,0,0.9966912,0.96374085469922,0.062506941829384,male,0
GSM990040,70.2367487458133,,0,0.275095186676302,0,0.9964133,0.966806303811375,0.059162135616273,male,0
GSM990560,80.5710816638429,,0,0.280809216661096,0,0.9946209,0.962875577869122,0.064359750777484,male,0
GSM990443,73.9008805652688,,0,0.283456389902342,0,0.9970401,0.967760174535277,0.06068415255192,male,0
GSM990463,75.9044853732196,,0,0.283932869613862,0,0.9972113,0.964605652578326,0.063322737504321,male,0
GSM990578,83.4212207176438,,0,0.274210380244741,0,0.9971461,0.960260164905524,0.063375957832525,male,0
GSM990045,70.1634158561659,,0,0.285366031152518,0,0.9974906,0.958855622736236,0.068468528930407,male,0
GSM990291,55.4244333483715,,0,0.277143754480765,0,0.997616,0.965651803615161,0.060917422606966,male,0
GSM989938,60.8728625216259,,0,0.26920648700397,0,0.9965407,0.969880030871454,0.054386361980154,male,0
GSM990062,67.1445800670958,,0,0.275381067959172,0,0.995342,0.966078260807932,0.059337949126011,male,0
GSM990544,81.8640312590584,,0,0.276433979211376,0,0.9969104,0.967146531532281,0.059368426908747,male,0
GSM990363,62.1046841575107,,0,0.287277352727602,0,0.9979381,0.962415631308994,0.066165126427579,male,0
GSM989872,69.6099084934795,,0,0.275778114395685,0,0.9972957,0.969839196375714,0.055650886368854,male,0
GSM990547,81.5644563016228,,0,0.276535359332099,0,0.9968324,0.963059819148682,0.063499054940677,male,0
GSM989881,66.5902730556558,,0,0.277347485973669,0,0.9961637,0.968014248595573,0.058460150192875,male,0
GSM990410,66.5285474112485,,0,0.278545833614072,0,0.9973251,0.967138937292932,0.059841363912246,male,0
GSM990345,63.9755854118883,,0,0.274069557970037,0,0.997079,0.967007600974401,0.059108973340392,male,0
GSM990396,51.1700659181012,,0,0.284205698069011,0,0.9971036,0.966643511867514,0.062075140955532,male,0
GSM990048,67.3470130510367,,0,0.275567676814379,0,0.9968567,0.968029708124906,0.058386984318191,male,0
GSM990113,63.4334762489455,,0,0.284609158143488,0,0.9966055,0.964274281874479,0.064078994793103,male,0
GSM990034,71.3518314812336,,0,0.272540587005949,0,0.9973631,0.962481689299355,0.061115583172376,male,0
GSM990473,58.9548779339132,,0,0.279812175358115,0,0.9975581,0.969994029246907,0.057637510859825,male,0
GSM989880,61.1553395333016,,0,0.270950279440892,0,0.9966453,0.968500895087698,0.056748544972285,male,0
GSM990456,66.9584067794272,,0,0.289295222599646,0,0.9964074,0.964566784999088,0.066811250456247,male,0
GSM990122,59.4314799448837,,0,0.278872887272005,0,0.9983608,0.966253648716775,0.06061284965416,male,0
GSM990484,70.8933517703693,,0,0.269545316555134,0,0.9970452,0.960336037686255,0.061106382001745,male,0
GSM990435,61.4783230191116,,0,0.283024019498997,0,0.9973413,0.965414077336319,0.063710746641008,male,0
GSM989961,67.9953446301117,,0,0.266920548523051,0,0.9973798,0.966256616620828,0.056317135133216,male,0
GSM990026,78.3503117169974,,0,0.273991831697909,0,0.9957959,0.96479624773547,0.060473501275292,male,0
GSM990423,68.9945266358017,,0,0.318583295150872,0,0.9990487,0.918790324400276,0.097462482723219,male,0
GSM990552,72.4515765414941,,0,0.278848788222961,0,0.9968571,0.965565727397603,0.061158422601205,male,0
GSM990497,57.5590744518934,,0,0.279047545731779,0,0.9972472,0.967879383994679,0.059199333637985,male,0
GSM989850,81.9764369765534,,0,0.264024298353416,0,0.9959435,0.961570783369214,0.059649566463037,male,0
GSM990534,35.8619750807409,,0,0.284559351060808,0,0.9966429,0.969212448708186,0.059941752600226,male,0
GSM990470,68.8455903987948,,0,0.277561179169564,0,0.9971913,0.968515143699617,0.0580400156464,male,0
GSM990280,61.099350532121,,0,0.274937599041636,0,0.9974017,0.966819926558609,0.05912124594304,male,0
GSM989925,60.263678012028,,0,0.279064486329535,0,0.9971864,0.968796370658175,0.058180488361024,male,0
GSM989873,77.6416540351579,,0,0.275787364758053,0,0.9965222,0.964000772519902,0.061354092254181,male,0
GSM989954,69.6179684722408,,0,0.268354430544403,0,0.9971504,0.969112471660826,0.05484460474902,male,0
GSM990527,59.5385112834147,,0,0.284987691541178,0,0.996965,0.967308287405578,0.062243247149434,male,0
GSM989917,52.4659032152691,,0,0.281408828134376,0,0.9973257,0.966700856378088,0.060451897514187,male,0
GSM990103,48.2415433115337,,0,0.278271231853258,0,0.9973748,0.968354333564768,0.058865036223834,male,0
GSM990600,60.3662056627004,,0,0.289664945220454,0,0.9973667,0.966146430825606,0.064684929988054,male,0
GSM990350,50.2589366464349,,0,0.285265932085592,0,0.9973055,0.966711489199905,0.0622160287866,male,0
GSM990075,54.6425355573749,,0,0.273927509799306,0,0.997359,0.968904373324421,0.057084523711011,male,0
GSM990111,60.1978413878553,,0,0.273817631443163,0,0.9974304,0.964738028659832,0.061122346188,male,0
GSM989946,59.2391637165251,,0,0.271355492656057,0,0.9961866,0.969401825610851,0.05537934447055,male,0
GSM989910,79.3025205085272,,0,0.266378854619715,0,0.9968588,0.969223434068454,0.0548457575846,male,0
GSM990617,65.5724832863471,,0,0.29432636252109,0,0.997156,0.965236137251752,0.066717720592287,male,0
GSM990312,57.2242960011961,,0,0.275803308812756,0,0.9968316,0.964716582907765,0.06160657906061,male,0
GSM989951,72.3712837364446,,0,0.273793652472341,0,0.9967635,0.968523771810543,0.056551123429027,male,0
GSM990374,59.4846794758775,,0,0.272863083949875,0,0.9975352,0.966258453972804,0.059201432003118,male,0
GSM989902,74.1592756670356,,0,0.269427003277426,0,0.9968345,0.966952724702938,0.057061456259191,male,0
GSM989897,69.7364974040444,,0,0.272248997159112,0,0.9957129,0.966084910073612,0.059085511631726,male,0
GSM990015,75.9263583455516,,0,0.278782592536892,0,0.9965617,0.9582272977859,0.066095087964338,male,0
GSM990325,50.0872781264136,,0,0.280549702518374,0,0.9971796,0.965609888113044,0.062077277723265,male,0
GSM990478,62.1231921570358,,0,0.280444593810424,0,0.9973633,0.967966658996122,0.059036448797158,male,0
GSM989913,70.6808877773148,,0,0.270905294480003,0,0.9963526,0.967188801668201,0.057788063539776,male,0
GSM990055,73.1593107829232,,0,0.265826738040286,0,0.9958776,0.964118351620207,0.059001738610318,male,0
GSM990344,59.616820474434,,0,0.280220162684386,0,0.9968237,0.965168218172535,0.062293697633467,male,0
GSM990418,64.7209311396614,,0,0.2854371137211,0,0.9973926,0.967079711098913,0.061975614038266,male,0
GSM990330,53.6047982907423,,0,0.276559229428484,0,0.9969292,0.965322701550277,0.061487149407404,male,0
GSM989859,74.5628017937138,,0,0.277596211131943,0,0.9946235,0.968208041865666,0.058478041931616,male,0
GSM990028,71.3337297493335,,0,0.272791738892909,0,0.9966477,0.967106512553663,0.057373688544473,male,0
GSM990362,51.9217755680245,,0,0.286165695280146,0,0.9943822,0.961284272318819,0.066297301932815,male,0
GSM990287,54.3763735554032,,0,0.278951894973845,0,0.9974487,0.96322334201062,0.063215651393184,male,0
GSM990404,54.3992353270114,,0,0.284251381522594,0,0.9973008,0.963089563070294,0.064286232972227,male,0
GSM990415,61.8849884929279,,0,0.285319703348868,0,0.9974976,0.963769637933607,0.065170418241287,male,0
GSM990117,64.3852686275695,,0,0.284672976122587,0,0.9966295,0.963422867726434,0.064396013659951,male,0
GSM990289,45.9385298575529,,0,0.283545227875239,0,0.9975102,0.96140271085363,0.066143719308198,male,0
GSM989882,80.1601206772893,,0,0.278904985454412,0,0.9963481,0.957672425144003,0.066576931393417,male,0
GSM990295,49.8021168363086,,0,0.277237757779248,0,0.9971504,0.965706423474584,0.060795025254452,male,0
GSM989886,59.0889688019906,,0,0.270122421778007,0,0.9969923,0.968303529797918,0.056235008889211,male,0
GSM990501,53.274978620729,,0,0.285668484100518,0,0.997315,0.965046372130493,0.063873907929546,male,0
GSM990526,53.7836931596163,,0,0.293593867374648,0,0.9973896,0.965007078640023,0.067500364357136,male,0
GSM989980,43.7828476089267,,0,0.272645859832521,0,0.9962114,0.972249866497049,0.052742572832512,male,0
GSM990011,66.0843323889687,,0,0.27822505401378,0,0.9966927,0.963372588678044,0.062570860232353,male,0
GSM990271,56.4627250419722,,0,0.282373812566591,0,0.9973252,0.964266087179775,0.063776175746546,male,0
GSM990474,48.4725419310412,,0,0.280379779421232,0,0.9974632,0.968990775942293,0.058630104994195,male,0
GSM990612,85.9116532894266,,0,0.283868035991171,0,0.9971686,0.963209631063718,0.06499876766832,male,0
GSM990490,36.2758303678413,,0,0.282625281375588,0,0.9973178,0.966900998508158,0.061119397145847,male,0
GSM989907,73.7621646054577,,0,0.271318534102085,0,0.9970501,0.968116053592179,0.056499385395275,male,0
GSM990290,59.3382659386798,,0,0.280476629398414,0,0.9974148,0.964296567131175,0.063176118447665,male,0
GSM989973,58.9535583006833,,0,0.272640978566379,0,0.996548,0.969160050302298,0.055779265901354,male,0
GSM989934,75.4572626811106,,0,0.267872099851198,0,0.9969633,0.965997892648223,0.057184815179697,male,0
GSM990504,35.0054576741077,,0,0.279875372867415,0,0.9969979,0.967716506151205,0.060040083612044,male,0
GSM990090,58.370028617606,,0,0.278352067969005,0,0.9941836,0.968094659087295,0.059372483186151,male,0
GSM990441,61.6429510275278,,0,0.287463572013426,0,0.9971882,0.964699819262998,0.066021063986057,male,0
GSM990049,71.2009448538806,,0,0.263894246083608,0,0.9937717,0.966664190777683,0.056090162517905,male,0
GSM990021,75.8992855343221,,0,0.275284806933471,0,0.9958695,0.966378704344543,0.059578817942032,male,0
GSM990400,67.0523104240223,,0,0.288184179255169,0,0.9965923,0.967108528998858,0.063422618971122,male,0
GSM990044,76.7597096862793,,0,0.27009644260668,0,0.9979473,0.95662310140105,0.065470496928779,male,0
GSM990007,69.3949120819995,,0,0.277110083146981,0,0.9968925,0.965897224122089,0.0606403099219,male,0
GSM990431,73.5395195858681,,0,0.285068273396643,0,0.9974852,0.959688492043627,0.067841586934207,male,0
GSM990381,54.1563012153649,,0,0.286163237031688,0,0.9971684,0.96646712118183,0.062783173637698,male,0
GSM990515,49.8771578236018,,0,0.27521588492644,0,0.997065,0.96948575782538,0.056381114099547,male,0
GSM990100,55.4276913093957,,0,0.277617499825216,0,0.9961826,0.967636530965633,0.059439633576619,male,0
GSM990352,59.5747900783532,,0,0.289130752225992,0,0.9977083,0.96727034303413,0.062903850623881,male,0
GSM990513,67.4156640125433,,0,0.277248853471448,0,0.9971563,0.968280369990516,0.058190057181996,male,0
GSM989839,76.7840340759952,,0,0.282624792846412,0,0.9964044,0.96408235436682,0.06347653092409,male,0
GSM989830,55.6653846149704,,0,0.273886223923722,0,0.9926026,0.969389234791457,0.056401439911688,male,0
GSM990065,75.6036631260259,,0,0.267259772585,0,0.9963666,0.966860086916554,0.056777638122299,male,0
GSM990481,67.7495398622183,,0,0.284687510895899,0,0.997508,0.963259115094672,0.064445325542896,male,0
GSM989956,80.568918080766,,0,0.281310002345695,0,0.9968361,0.964560928807784,0.062668510861202,male,0
GSM990453,64.7967299547598,,0,0.285420293944361,0,0.9969392,0.964559944755282,0.064852330838985,male,0
GSM990603,71.3988623381824,,0,0.287764629578166,0,0.9972557,0.965050722470961,0.064610007886035,male,0
GSM989926,66.184323762375,,0,0.273144344206299,0,0.9970891,0.968652519745405,0.057057956873359,male,0
GSM990029,73.2544412033194,,0,0.278895197475588,0,0.9971687,0.965750249373523,0.060280376165433,male,0
GSM990343,54.920233729684,,0,0.278653090282793,0,0.996911,0.964845007096634,0.061771471957989,male,0
GSM990095,59.2350838257512,,0,0.277758903061518,0,0.9973592,0.963270342100823,0.064217811987178,male,0
GSM990293,58.0659141129197,,0,0.275186984098506,0,0.9972974,0.968507694243351,0.057087941294103,male,0
GSM990105,53.9251065112199,,0,0.27562625420168,0,0.9970339,0.964981377399873,0.061288882535427,male,0
GSM990380,57.7754677228083,,0,0.283349869408091,0,0.9975064,0.962099563403065,0.065728852680402,male,0
GSM990523,30.5789192279781,,0,0.27394760257417,0,0.9975415,0.96715534778169,0.057682593408961,male,0
GSM989833,69.3042821476063,,0,0.27436447077939,0,0.9966709,0.967861175108517,0.056915963311761,male,0
GSM990455,49.4036565223149,,0,0.29459621153966,0,0.9953816,0.965933086285507,0.06751688008288,male,0
GSM990277,43.3258473441569,,0,0.285335437658027,0,0.9977622,0.961396057551738,0.066771577219011,male,0
GSM989912,61.3546903785355,,0,0.27337010677686,0,0.9962654,0.962302819542782,0.061854229439595,male,0
GSM990553,74.2737814746443,,0,0.279273103353824,0,0.9961833,0.966388807963481,0.061121561513662,male,0
GSM990074,59.5952133746295,,0,0.277912894664873,0,0.9967942,0.969154750371841,0.058056101065077,male,0
GSM990382,57.2984009242165,,0,0.282476566469232,0,0.9975147,0.965243999647827,0.062642534953164,male,0
GSM990561,72.9662791603664,,0,0.280109789180271,0,0.9968056,0.966057729517505,0.061608962766178,male,0
GSM990368,55.4975068499907,,0,0.28820531056325,0,0.9973253,0.964328894103906,0.064981931310317,male,0
GSM989836,79.8525950395655,,0,0.276353486235735,0,0.995924,0.963598300791685,0.062598577236592,male,0
GSM990071,49.009320895077,,0,0.273565719513203,0,0.996574,0.965657029610979,0.06074814294622,male,0
GSM990115,44.0452444785802,,0,0.281780043901592,0,0.9973962,0.968708636111954,0.05933876763448,male,0
GSM990052,71.5888413591417,,0,0.276491562025239,0,0.9966909,0.969073493905154,0.056904355020746,male,0
GSM990585,68.6561430324173,,0,0.277514625245597,0,0.9977807,0.968482065306728,0.058717621720713,male,0
GSM990098,61.9903785411225,,0,0.283502723184081,0,0.9969884,0.967420970248104,0.060967820997151,male,0
GSM990063,86.3879698057474,,0,0.272946014051511,0,0.9931982,0.962300882608519,0.06143225462671,male,0
GSM990333,55.8731133209991,,0,0.276082858173901,0,0.997472,0.964279460574242,0.06228126894679,male,0
GSM990376,61.8891057754303,,0,0.285788095902497,0,0.9972681,0.966187948711134,0.063044212429808,male,0
GSM990285,50.4357136520674,,0,0.278550637964706,0,0.9974188,0.96579075613098,0.060644864619952,male,0
GSM990579,78.9708593440867,,0,0.27188828452835,0,0.9972399,0.965997962965689,0.058162788301948,male,0
GSM990524,57.0645673180028,,0,0.274337018690001,0,0.996668,0.969811028874478,0.055369346457519,male,0
GSM989944,70.6703478896451,,0,0.276035010267155,0,0.9962237,0.967490161267932,0.058507439123598,male,0
GSM990596,65.8955105509976,,0,0.289593705014877,0,0.9977923,0.965232573657392,0.064724781059841,male,0
GSM990533,57.8237957181346,,0,0.291404474293661,0,0.9968673,0.968778565120879,0.062899283935282,male,0
GSM990487,56.173082816043,,0,0.279272732761418,0,0.9970212,0.96974395218866,0.05767811293623,male,0
GSM990531,37.2580069549421,,0,0.27965676315723,0,0.9970912,0.969509978678228,0.05741717204857,male,0
GSM990298,64.8570208137161,,0,0.273755746754088,0,0.9977182,0.967714498838641,0.057599555907394,male,0
GSM990114,57.4978662822413,,0,0.278362959438609,0,0.9971856,0.96803672399929,0.058502992380211,male,0
GSM990408,65.0581030615655,,0,0.276917195640982,0,0.9971991,0.968010527776966,0.058378427011545,male,0
GSM990022,72.826426336143,,0,0.269519334941405,0,0.9966786,0.963558880182121,0.06065252222194,male,0
GSM990347,60.7444492436887,,0,0.27190761959799,0,0.9970796,0.967775640756619,0.057920574800016,male,0
GSM989896,51.5274496030574,,0,0.280531218289027,0,0.9971366,0.968940087006375,0.05640320246869,male,0
GSM989982,52.8273505428495,,0,0.271606806334704,0,0.9962484,0.970766851937457,0.054069791902843,male,0
GSM990477,68.6094632192577,,0,0.278572855547895,0,0.9970182,0.966198654652607,0.060414766482875,male,0
GSM990076,59.1584449524213,,0,0.27520595869297,0,0.9973914,0.966991774765099,0.059875896760618,male,0
GSM990570,65.9853608709532,,0,0.278695867764258,0,0.9971774,0.966556099114225,0.060684163480085,male,0
GSM990004,66.5476263753428,,0,0.277021326193167,0,0.9971432,0.964530333143297,0.062003476998588,male,0
GSM990118,53.8357794386885,,0,0.277063990864552,0,0.9974055,0.969593081179471,0.057162990940067,male,0
GSM990364,58.0132868991692,,0,0.290106219971915,0,0.9976731,0.957162757668049,0.071201300280396,male,0
GSM990587,49.6367230361653,,0,0.288168400844112,0,0.9970949,0.964486615096024,0.064805812640495,male,0
GSM990335,62.3227433145837,,0,0.275307858870099,0,0.9973343,0.966040719611544,0.060327749151615,male,0
GSM990589,74.6596134113988,,0,0.28196421891361,0,0.9967073,0.965659589630486,0.061554779237323,male,0
GSM990454,77.9285543516865,,0,0.275879294514274,0,0.9970002,0.966353059842649,0.058953634648546,male,0
GSM990483,50.0077087385343,,0,0.280978285103134,0,0.9976313,0.966813826196744,0.060242038780095,male,0
GSM989989,66.4110730552019,,0,0.272518012055612,0,0.9971305,0.966185557869023,0.05907580381695,male,0
GSM990591,66.2202506647794,,0,0.287251226434861,0,0.9975474,0.96678627324481,0.062714613846219,male,0
GSM989991,53.0542698571064,,0,0.276774318281969,0,0.9964973,0.968774791231252,0.057318423690101,male,0
GSM989877,72.210746611538,,0,0.274465613719521,0,0.9940633,0.969338532050044,0.055605611156063,male,0
GSM990572,79.2206549978018,,0,0.289901824713119,0,0.9971105,0.964244257272436,0.06583885396637,male,0
GSM990595,79.2198828535244,,0,0.321717323556121,0,0.9986734,0.929554587325681,0.09269400776457,male,0
GSM990522,43.7952651163789,,0,0.277423378274013,0,0.994975,0.963843387103083,0.061995985245655,male,0
GSM990379,58.3542650552472,,0,0.28594976393901,0,0.9978284,0.967342198446415,0.061483913847482,male,0
GSM990539,19.8586808537771,,0,0.281608882517021,0,0.9970333,0.97052713614012,0.057613101213426,male,0
GSM990300,57.2330389266887,,0,0.278948014831417,0,0.9952756,0.960730081286608,0.064552723638973,male,0
GSM989928,78.9527088267461,,0,0.268835270501091,0,0.996549,0.967596993747435,0.055596259188421,male,0
GSM990582,68.653645323568,,0,0.279117839146148,0,0.9974027,0.967772940261461,0.059500875188357,male,0
GSM989927,66.9325924783263,,0,0.277621760106302,0,0.9971109,0.96910564994715,0.057665587136965,male,0
GSM990310,67.3034661394959,,0,0.268251580355693,0,0.9981851,0.963924626038765,0.060379001420905,male,0
GSM990430,55.0693634934373,,0,0.283994014964988,0,0.9972115,0.967302415775466,0.061990496454663,male,0
GSM989985,64.457725601639,,0,0.277102054619686,0,0.9972499,0.967828814133786,0.058547037937648,male,0
GSM990424,71.532139618079,,0,0.281518906609295,0,0.9968776,0.963542785231305,0.064171429417226,male,0
GSM990324,34.1934830133508,,0,0.276651367761301,0,0.9965932,0.966735770178605,0.060514335982545,male,0
GSM990449,64.7980216030649,,0,0.284842623836988,0,0.997645,0.968233978858278,0.06082370380195,male,0
GSM990479,47.4871896282841,,0,0.283745769758856,0,0.9971607,0.96437630905662,0.063639827306521,male,0
GSM989924,60.2908521870041,,0,0.270464159280482,0,0.9967542,0.969155000843342,0.055416852240583,male,0
GSM990282,54.2900113722759,,0,0.278212999947151,0,0.9976662,0.966992620089969,0.059807231912298,male,0
GSM990064,79.4441412728292,,0,0.270695299768863,0,0.9970762,0.960874292646494,0.062657880873789,male,0
GSM990398,69.7625517371842,,0,0.278284834663607,0,0.9972275,0.959440358914265,0.065519445751911,male,0
GSM990110,68.4089761020097,,0,0.273011179247458,0,0.994802,0.964537767108834,0.060677764130263,male,0
GSM990482,67.3229435585256,,0,0.277675995941127,0,0.9973952,0.968431266969931,0.058272105342375,male,0
GSM990450,50.1610069958867,,0,0.284925663545319,0,0.9971048,0.967312030490919,0.061989210519612,male,0
GSM990546,80.0660560143973,,0,0.271807620336987,0,0.9968104,0.96676768539079,0.058746685986751,male,0
GSM990353,56.3537634612669,,0,0.290547742251301,0,0.9973628,0.965583007048468,0.065097894734576,male,0
GSM989867,78.3404978050347,,0,0.270497677449493,0,0.9969037,0.969372531598071,0.05508614401916,male,0
GSM989832,77.8721149655313,,0,0.284926811506553,0,0.9968669,0.959700683017706,0.066829490704324,male,0
GSM990607,69.1207325782847,,0,0.297709553268839,0,0.9961839,0.961160463597629,0.072561987780969,male,0
GSM989845,88.0869702839026,,0,0.270850494249795,0,0.9938594,0.966404378619909,0.058223989920747,male,0
GSM990503,48.2933888599491,,0,0.281984636000296,0,0.9970168,0.965774687919941,0.061887179398823,male,0
GSM990303,56.7550413387725,,0,0.282476458401881,0,0.997448,0.96715527273486,0.061056101268694,male,0
GSM990025,60.8448516909439,,0,0.271585814962866,0,0.9957966,0.965358840299277,0.0587391219168,male,0
GSM989911,78.7839338565358,,0,0.273519735169318,0,0.9966062,0.96976043608725,0.055449697126291,male,0
GSM990557,77.6652973429041,,0,0.274340944201893,0,0.9973325,0.964125504817927,0.061082141753947,male,0
GSM989945,60.1378479296457,,0,0.278537654360007,0,0.9960346,0.968965646664184,0.057748434921171,male,0
GSM990525,33.7928957526328,,0,0.274065170123183,0,0.9948766,0.968556886014414,0.056889266159712,male,0
GSM990551,74.1261025398838,,0,0.280377199582002,0,0.9973462,0.965946389602716,0.061915620510066,male,0
GSM990615,83.2836202288315,,0,0.287016528647033,0,0.9968761,0.964065941552195,0.064811210053187,male,0
GSM989853,73.3032629043595,,0,0.277418228810778,0,0.9958681,0.96710137326597,0.059640954267587,male,0
GSM989955,57.388178187361,,0,0.273297228148307,0,0.9950578,0.969879300216172,0.05549451136377,male,0
GSM989862,57.5797764505035,,0,0.272969089599122,0,0.9967932,0.969679687865731,0.055458615969285,male,0
GSM990078,51.4817539399626,,0,0.275682996531307,0,0.997492,0.966452173473879,0.060585703123344,male,0
GSM990351,45.4457177353151,,0,0.292928707068004,0,0.9976432,0.961479489566047,0.068478565650776,male,0
GSM990537,32.985560103453,,0,0.282062035381955,0,0.9936599,0.970310390872378,0.057855063601041,male,0
GSM990069,76.7850915641371,,0,0.272212653616924,0,0.997721,0.965589644234866,0.0589406711465,male,0
GSM989890,87.7243988533334,,0,0.262961077923072,0,0.9968262,0.963824593620307,0.057092324284776,male,0
GSM990566,59.9527987427953,,0,0.287373415746366,0,0.9969595,0.967195242002153,0.062593183759296,male,0
GSM990082,75.1612027271189,,0,0.278781658284441,0,0.9971184,0.964822664429007,0.062825530099587,male,0
GSM989921,75.6894474147981,,0,0.274664480768166,0,0.9967013,0.967172634827191,0.057761351637549,male,0
GSM990599,65.9184577745683,,0,0.291434567088038,0,0.997395,0.964635629046357,0.066326074021822,male,0
GSM989875,69.1272945763215,,0,0.274769467204899,0,0.9963392,0.964974976422766,0.060529742377559,male,0
GSM990315,58.9541750580724,,0,0.2745569264326,0,0.9969683,0.965108326518839,0.061180328853338,male,0
GSM990297,60.0254823654317,,0,0.284205970788567,0,0.9972345,0.966146744879206,0.062441982586422,male,0
GSM990332,57.1387017578132,,0,0.280440172240343,0,0.9975173,0.964524318221648,0.062556828665639,male,0
GSM990079,49.7808456374847,,0,0.278721214853205,0,0.9972767,0.965449651845265,0.062108245600837,male,0
GSM990536,41.5414013229101,,0,0.276556043126642,0,0.9975061,0.968058518015807,0.058942855982882,male,0
GSM989920,69.2405086710235,,0,0.273219096975916,0,0.9970412,0.96641960350756,0.058913318256719,male,0
GSM989936,54.5628546348343,,0,0.276323534065931,0,0.9968911,0.967757649289087,0.058021249504458,male,0
GSM990296,55.6601016733116,,0,0.278886499378698,0,0.9978861,0.967898038872386,0.059087510021709,male,0
GSM990509,50.021527590196,,0,0.272405709724591,0,0.9989781,0.959496695178775,0.064133732796721,male,0
GSM990050,65.9112987702886,,0,0.275064947262655,0,0.996631,0.967121498398395,0.058471563590813,male,0
GSM990605,83.9316955828139,,0,0.291088896588954,0,0.9972857,0.959266395203835,0.070081110103831,male,0
GSM990087,68.6797430124634,,0,0.277843838922386,0,0.9969278,0.963427969971024,0.063446609288305,male,0
GSM990378,66.2287013371196,,0,0.2876612012114,0,0.997205,0.965285126092176,0.064389305024227,male,0
GSM989995,52.3075610005267,,0,0.27487772304058,0,0.9962769,0.97008916767401,0.055858397721632,male,0
GSM990626,62.6657513338949,,0,0.288625785985007,0,0.996792,0.965892915063834,0.064475756122011,male,0
GSM989947,58.7008379974859,,0,0.27702585376144,0,0.9951447,0.968752009787415,0.057861575070876,male,0
GSM990459,67.9883472385917,,0,0.285159979875172,0,0.9969236,0.963347358323953,0.065411999527375,male,0
GSM990532,45.1401219095184,,0,0.285759039115434,0,0.99687,0.969124482878042,0.060351109862676,male,0
GSM990018,78.4919451116633,,0,0.272805915641692,0,0.9961841,0.967575251940847,0.057489132730125,male,0
GSM990306,61.7484629843323,,0,0.276825700344734,0,0.9967034,0.966639143262526,0.060003469366609,male,0
GSM990081,62.1086666406633,,0,0.270369246408544,0,0.9962776,0.967258232084977,0.057671938923332,male,0
GSM990569,76.5687286332809,,0,0.278744779954788,0,0.9971795,0.959241683500239,0.064733414703705,male,0
GSM990107,56.5661879168279,,0,0.269456243445373,0,0.9966719,0.965661484583843,0.058633624713888,male,0
GSM989971,62.6180371724622,,0,0.266176223198079,0,0.9968509,0.968917728384371,0.054213097382754,male,0
GSM990422,65.9569113560381,,0,0.296510734831922,0,0.9990569,0.96228057432315,0.066608748161587,male,0
GSM990003,65.496409876872,,0,0.275371049068396,0,0.9968044,0.966776386441883,0.059323952148699,male,0
GSM990373,41.5237315238561,,0,0.27631997338257,0,0.9973776,0.968713492478428,0.057498696455915,male,0
GSM989918,66.4850003273223,,0,0.276049118371422,0,0.9970553,0.966624572179712,0.059323171662855,male,0
GSM990401,60.4666642170852,,0,0.281136973274893,0,0.9970517,0.968222961256736,0.059572191929824,male,0
GSM990417,54.5194452903815,,0,0.279550549681725,0,0.9973094,0.968722234270799,0.05882796182217,male,0
GSM990318,56.4793572064169,,0,0.279520584036454,0,0.9977382,0.965434644279481,0.061367086409353,male,0
GSM990092,50.993350184262,,0,0.280000309575944,0,0.9972026,0.96408738838597,0.063298434050597,male,0
GSM990403,68.8646930171453,,0,0.279602932111347,0,0.997188,0.958473755054568,0.067156419643208,male,0
GSM990084,60.6390931153979,,0,0.27833307506233,0,0.9971364,0.96704053714619,0.060696409441086,male,0
GSM990326,56.9443935141787,,0,0.275317407716948,0,0.9973097,0.965592093604684,0.060830153295837,male,0
GSM989919,65.4691121118593,,0,0.272729974128192,0,0.9969984,0.966932434384897,0.058163360834623,male,0
GSM989969,77.3817156459565,,0,0.272005523308245,0,0.9964561,0.967647346194174,0.056793370603342,male,0
GSM990086,55.0705459064938,,0,0.281851546491338,0,0.9964514,0.96840710095638,0.059755872232227,male,0
GSM989974,68.0511757668428,,0,0.267384033174287,0,0.9939889,0.969866984568779,0.053610094360623,male,0
GSM989988,75.5247608690106,,0,0.270032197566034,0,0.9977311,0.963381789674627,0.060345741224096,male,0
GSM990426,62.7229053275907,,0,0.277084337517027,0,0.9973744,0.963716726200699,0.062124913238983,male,0
GSM989860,71.2995363644064,,0,0.274715436519222,0,0.9962024,0.967439360116037,0.05756512487434,male,0
GSM990471,72.4262899120886,,0,0.266302494175583,0,0.9970366,0.963513607118238,0.058696071642356,male,0
GSM990559,78.5036472398417,,0,0.283362502461349,0,0.9969352,0.965397631485233,0.063128784174947,male,0
GSM990420,61.6816848370533,,0,0.277502518682048,0,0.9973371,0.967976113527505,0.059195333240326,male,0
GSM990588,76.5424461696439,,0,0.281647356615565,0,0.9969769,0.963438392066272,0.063507930612321,male,0
GSM990077,44.7127782892027,,0,0.271417324730418,0,0.9961187,0.966922814880752,0.058946299324323,male,0
GSM989878,62.0795269876664,,0,0.277051349775641,0,0.9961011,0.968710276634577,0.056902762040274,male,0
GSM990342,56.5480895712494,,0,0.27450105976849,0,0.9972275,0.968001554572573,0.058009844248916,male,0
GSM989870,77.0227068341535,,0,0.267478190561008,0,0.9959038,0.964184300804029,0.057890895200395,male,0
GSM989941,75.191109827917,,0,0.275657297031062,0,0.9965738,0.968265902858773,0.057680912412384,male,0
GSM989977,54.6272570036373,,0,0.278761588560298,0,0.9967304,0.968790707127792,0.057927852444915,male,0
GSM989976,53.2128058383827,,0,0.275376531612142,0,0.9964524,0.970514068607836,0.055196977877059,male,0
GSM990529,47.4932642195719,,0,0.287742311337938,0,0.9973297,0.967193651134542,0.062642419171344,male,0
GSM989900,74.3929629072785,,0,0.27145652102489,0,0.9958669,0.967269533392034,0.057275106339354,male,0
GSM990581,80.2946659899917,,0,0.287657244967576,0,0.9967719,0.96358181334009,0.064916680143105,male,0
GSM989905,75.7528398156742,,0,0.27481208628398,0,0.9966403,0.966490942957868,0.05892376026895,male,0
GSM990322,68.1756978681768,,0,0.277848040051478,0,0.9952052,0.962749801794403,0.063759150804291,male,0
GSM990016,68.9229392356668,,0,0.277517551342754,0,0.9967628,0.960767393523149,0.064904430913757,male,0
GSM990066,74.8685596509539,,0,0.268513756856956,0,0.9973391,0.967740886847536,0.056272973529979,male,0
GSM990361,57.1091724772458,,0,0.280934757892937,0,0.9966692,0.962017413362222,0.064655981681536,male,0
GSM990354,51.326299483128,,0,0.292260765960713,0,0.997403,0.96077720478911,0.069118131208059,male,0
GSM990274,57.0743423079408,,0,0.280801629871973,0,0.9970973,0.964232578017993,0.062784347829738,male,0
GSM990399,76.1638246199395,,0,0.28079490720216,0,0.9973926,0.964815379242187,0.062599751784851,male,0
GSM989901,75.8454079136969,,0,0.266622797726924,0,0.9963037,0.965176887454219,0.057508764881549,male,0
GSM990528,28.3454698925092,,0,0.283524984846416,0,0.9972908,0.966353237033748,0.062891186480778,male,0
GSM989868,74.6458370626473,,0,0.269739976670319,0,0.9966052,0.968983543569803,0.055646525437075,male,0
GSM989963,65.2043827976993,,0,0.280080678507938,0,0.9971253,0.968867310697998,0.058495225988022,male,0
GSM989906,61.2640537817098,,0,0.274681229613486,0,0.9968308,0.969139029999152,0.056892671895669,male,0
GSM990549,56.2599040329985,,0,0.28192398225309,0,0.9971584,0.968852676606346,0.059409616911327,male,0
GSM989838,52.2666287419281,,0,0.273855170676459,0,0.9957529,0.970186683892834,0.055432808038961,male,0
GSM989866,72.9892977009438,,0,0.276949513601078,0,0.9971818,0.966961282478491,0.058274074407218,male,0
GSM990054,74.661341450942,,0,0.265993649699146,0,0.9976098,0.963807346116171,0.058520315664441,male,0
GSM989993,53.6432915564931,,0,0.274246174172938,0,0.9970666,0.969833226419205,0.055621256853312,male,0
GSM989930,52.8988244273463,,0,0.26910155570716,0,0.9970216,0.97077415209039,0.053158470974304,male,0
GSM989915,77.806150437589,,0,0.272060449191565,0,0.9971598,0.968106738651983,0.056447771492372,male,0
GSM990407,67.541039426673,,0,0.285879883460437,0,0.9967129,0.964393008033484,0.064197853890878,male,0
GSM990448,51.4335905106309,,0,0.283892794033017,0,0.9975317,0.96960019785808,0.059061676228176,male,0
GSM990041,64.5814493711401,,0,0.271227405877406,0,0.9968458,0.968772843707822,0.056113101923582,male,0
GSM989940,54.5552750560668,,0,0.272943326842758,0,0.9965194,0.965840480065706,0.058004940091744,male,0
GSM990109,52.9014640505016,,0,0.282884836700539,0,0.9973215,0.967934805170377,0.060272460852243,male,0
GSM990496,63.6328756043406,,0,0.279966770529103,0,0.9972574,0.96469647813447,0.061931895547299,male,0
GSM990468,68.786392695175,,0,0.278285268550854,0,0.9968954,0.96602704623008,0.060804279473769,male,0
GSM990610,81.5971810625098,,0,0.298807018690297,0,0.9983048,0.954271854599153,0.076497035495707,male,0
GSM990319,54.1376057146569,,0,0.279725602047339,0,0.9972676,0.961285240233923,0.064506982596981,male,0
GSM990601,70.9309313820363,,0,0.285426957720955,0,0.9971846,0.965185062271672,0.063703231204638,male,0
GSM990272,59.3138960158312,,0,0.276559715318501,0,0.9947852,0.964304989767555,0.061611742336562,male,0
GSM990577,77.9961237882552,,0,0.277457424274727,0,0.9968057,0.963888423906697,0.06203550113707,male,0
GSM989998,42.8543618794647,,0,0.276146435797567,0,0.9962381,0.969110867208875,0.057312272273438,male,0
GSM990508,63.2012415090346,,0,0.283152041521709,0,0.9983679,0.964860616541572,0.063244015633635,male,0
GSM990618,65.4960878396837,,0,0.296043113047327,0,0.9968207,0.963662775665048,0.069474506174895,male,0
GSM989983,44.8731867494814,,0,0.279445455029853,0,0.9965494,0.969144546925806,0.057474595402331,male,0
GSM990388,59.6048255312062,,0,0.286752169815452,0,0.9974343,0.962105014718924,0.066339289715065,male,0
GSM990625,70.8740934599494,,0,0.283498552695781,0,0.9966927,0.965679430031783,0.062814490775388,male,0
GSM990340,54.8607071023019,,0,0.277216253254831,0,0.9972702,0.967337987052915,0.059503763239907,male,0
GSM990043,70.8437128553676,,0,0.271198516902093,0,0.9972116,0.96717489877659,0.057812846776952,male,0
GSM990269,49.8388308527217,,0,0.286130605963719,0,0.9974078,0.962473229388005,0.066880558211377,male,0
GSM990413,55.5951061448844,,0,0.283877651170568,0,0.9979167,0.963974621382998,0.064723020872666,male,0
GSM990519,45.6682482364041,,0,0.277836497628023,0,0.9979275,0.965429083245063,0.061124233125905,male,0
GSM990439,54.4143569412942,,0,0.274331661290362,0,0.9971797,0.967696124294528,0.057982605388128,male,0
GSM990323,49.2376788565273,,0,0.280374409568017,0,0.9955055,0.960539916220811,0.065998396296866,male,0
GSM990281,52.9490221472775,,0,0.280248264832399,0,0.9971151,0.96785207786814,0.059809018506624,male,0
GSM989949,67.6538923023028,,0,0.269386306512608,0,0.9967681,0.969266760963807,0.055789633637356,male,0
GSM990442,63.2502635092194,,0,0.283106177416096,0,0.9975547,0.969046014433661,0.059874854422453,male,0
GSM990498,59.1506617326099,,0,0.277734978064149,0,0.9970217,0.965588572536221,0.060951822904592,male,0
GSM990012,66.5062148529445,,0,0.276482802790454,0,0.9953015,0.967957057907915,0.058114171858144,male,0
GSM990428,67.4419288407611,,0,0.286227107012734,0,0.9972224,0.965770105885037,0.064055758748809,male,0
GSM990371,59.4959969888837,,0,0.285069174954715,0,0.9971362,0.967006239944132,0.061976800732541,male,0
GSM989844,68.9207273698034,,0,0.267787175666895,0,0.9960492,0.967597611786523,0.056552331596005,male,0
GSM990030,66.5184711010918,,0,0.272692302880374,0,0.9973913,0.964595641991361,0.060443374388711,male,0
GSM990093,59.9657353756381,,0,0.278266135846292,0,0.9971837,0.964403051360474,0.06295552605616,male,0
GSM990556,70.1059930575112,,0,0.280585434779912,0,0.9970933,0.967530514810806,0.059795540116196,male,0
GSM990427,86.3331088707571,,0,0.27919325772771,0,0.9971561,0.962130634060355,0.063994427020069,male,0
GSM990491,68.3746397584819,,0,0.287075593916317,0,0.9973475,0.96198705222351,0.066182055772504,male,0
GSM990357,56.3286251139308,,0,0.291766798587225,0,0.9978707,0.957204222494962,0.071868149761066,male,0
GSM989861,82.3784248546472,,0,0.264736865900599,0,0.9960368,0.957493591414537,0.061756135210687,male,0
GSM989964,70.6921385765854,,0,0.273265504630995,0,0.9965657,0.970432241962002,0.054797268284664,male,0
GSM990288,47.4437910303329,,0,0.277511577537319,0,0.9945368,0.967246590031693,0.059038528156525,male,0
GSM990108,47.2105479752482,,0,0.280636798592216,0,0.9972025,0.969024554960986,0.0586759615997,male,0
GSM989841,64.5600208379563,,0,0.272662410092955,0,0.9965124,0.969135481298171,0.055911224315643,male,0
GSM990331,48.8872251240147,,0,0.278299369897411,0,0.9970183,0.961470038765493,0.065086978915901,male,0
GSM989965,50.6020216324657,,0,0.273692393126106,0,0.9964523,0.969758377831586,0.055701996067115,male,0
GSM990284,64.3492309084967,,0,0.277611743394282,0,0.9950669,0.967890715574723,0.058681375609801,male,0
GSM989970,68.6658979649999,,0,0.273690305802246,0,0.9974142,0.969380682319644,0.056180614495041,male,0
GSM989948,48.7600643779565,,0,0.271570208709645,0,0.9962585,0.97024471866776,0.054899510953947,male,0
GSM990031,55.6502397513093,,0,0.276856410654098,0,0.9976314,0.967776420918037,0.058493219756167,male,0
GSM989957,75.9326194986735,,0,0.270815873467164,0,0.9969822,0.966502309151628,0.057010601251761,male,0
GSM990390,55.6465681039927,,0,0.289421482570583,0,0.9970552,0.961098289895569,0.067622774140514,male,0
GSM989885,49.1319740162686,,0,0.26713031543306,0,0.9968958,0.969557192882236,0.054580438831568,male,0
GSM989931,69.2779407902113,,0,0.276167485528958,0,0.996424,0.968584812058974,0.057035274087086,male,0
GSM990005,78.6278437752238,,0,0.27587478689577,0,0.9966719,0.964546655130371,0.061409335427245,male,0
GSM990047,72.1909929150918,,0,0.279898100015235,0,0.9972279,0.963828505146104,0.063071056213101,male,0
GSM990469,69.6508014171045,,0,0.274567820051549,0,0.9973366,0.969757967172395,0.056060595167534,male,0
GSM990008,65.8536076735311,,0,0.277884668946137,0,0.9968247,0.965458858753912,0.061440487528247,male,0
GSM990580,74.6502751159116,,0,0.293492721919845,0,0.9973307,0.958773872171257,0.070980861075544,male,0
GSM990304,61.9081816762824,,0,0.278045224607375,0,0.9973161,0.964353556562331,0.062445585421376,male,0
GSM989835,67.0892720775407,,0,0.277771092694407,0,0.995755,0.968361883564455,0.058466974990889,male,0
GSM990402,67.7141090285138,,0,0.275666322639278,0,0.9969643,0.966753473392955,0.059706496908187,male,0
GSM990620,82.450145425629,,0,0.289820259428552,0,0.9968519,0.964765181042291,0.066098608482475,male,0
GSM989887,70.4152580076885,,0,0.267734680024782,0,0.9946767,0.96133380117643,0.061494650737016,male,0
GSM989942,69.9134411407523,,0,0.273854871804481,0,0.9967509,0.968454799118898,0.057024152328721,male,0
GSM990058,68.1011599242367,,0,0.267095722534907,0,0.9936768,0.96822609435087,0.054982371711381,male,0
GSM990283,48.893672837225,,0,0.269728677951899,0,0.9974725,0.965433566088987,0.058843915471466,male,0
GSM989899,68.5767439659157,,0,0.272708350850049,0,0.9967262,0.969210762233177,0.056003738698149,male,0
GSM990308,69.8583278160488,,0,0.27664130727149,0,0.9965775,0.966113649413216,0.060172765357893,male,0
GSM989864,76.9333218350129,,0,0.274388874593941,0,0.9960511,0.969370827348393,0.055827728348734,male,0
GSM990409,66.5270827019255,,0,0.283833047802258,0,0.9968289,0.96221186889412,0.065340700782624,male,0
GSM990541,24.0669612088302,,0,0.284653562825681,0,0.9954296,0.970339559710754,0.059012340029114,male,0
GSM990370,62.7068665020133,,0,0.287864331527729,0,0.9967937,0.963320447561035,0.06543523215568,male,0
GSM989968,58.3407855056293,,0,0.273007048280339,0,0.9970025,0.969398003203688,0.055967465019976,male,0
GSM990434,78.24704674148,,0,0.276312931513629,0,0.9975738,0.960680202331689,0.065199864929266,male,0
GSM990565,75.5657039407006,,0,0.296739537449255,0,0.9985408,0.955345758078349,0.07438676517644,male,0
GSM990574,71.1776911342472,,0,0.298709029717104,0,0.9979832,0.960454694604938,0.072637943244445,male,0
GSM989847,72.7925632939498,,0,0.281645209036915,0,0.9951861,0.958808230190095,0.066801512124876,male,0
GSM990506,52.5051388356367,,0,0.281124652244517,0,0.9970639,0.968860321911363,0.058986022886226,male,0
GSM990488,65.7703810504383,,0,0.278712959718924,0,0.9970647,0.966081413083229,0.060912945327258,male,0
GSM989986,60.5378445838559,,0,0.270200950040329,0,0.9970635,0.968587005277455,0.055929926552681,male,0
GSM990419,60.1187588658166,,0,0.280663022712329,0,0.9973866,0.967076863134413,0.060825720102691,male,0
GSM990499,34.9795924695668,,0,0.282028111748639,0,0.9972941,0.963075591289156,0.064269627935984,male,0
GSM989972,57.8679707924934,,0,0.274307787690256,0,0.9959715,0.96986484525194,0.055898925855511,male,0
GSM990493,70.9906781733027,,0,0.279947074234187,0,0.9972425,0.965472847781577,0.061827534488534,male,0
GSM990495,73.3253575949277,,0,0.278874457090417,0,0.997054,0.965393905730425,0.061358731998183,male,0
GSM990575,62.3884063643741,,0,0.278017319553867,0,0.9972737,0.966124807408823,0.059993820056687,male,0
GSM990461,55.8912672899865,,0,0.281540666171324,0,0.9970144,0.968492199162152,0.059685274110059,male,0
GSM989852,74.0379232805184,,0,0.276628052745255,0,0.9963056,0.96389247202446,0.062558514936626,male,0
GSM990608,67.8602744044175,,0,0.284799555773819,0,0.9961733,0.965422760469634,0.06463019618554,male,0
GSM990543,56.8733755125455,,0,0.274733426276282,0,0.9972802,0.967840431196316,0.057921265160758,male,0
GSM990510,52.7340884247333,,0,0.283426964260251,0,0.9985938,0.962440735278687,0.064713484083374,male,0
GSM990457,77.704369793105,,0,0.280133740639338,0,0.997416,0.962862050270352,0.065011147353162,male,0
GSM990472,52.0116676562743,,0,0.278393405748084,0,0.997186,0.969561480055835,0.057360189220747,male,0
GSM990024,68.5566506957474,,0,0.277899531384915,0,0.9968641,0.967823760689031,0.058745239296252,male,0
GSM990387,59.2781870554649,,0,0.27758701088202,0,0.9970236,0.967270677861011,0.059441055119195,male,0
GSM990268,52.3323762861843,,0,0.28356028339141,0,0.997969,0.966990198939746,0.061462447761043,male,0
GSM990467,74.279848137982,,0,0.273545390898391,0,0.9970852,0.963921610361676,0.060966044853822,male,0
GSM990622,80.9244432073429,,0,0.277970740900359,0,0.9978448,0.960388574054869,0.06426930834495,male,0
GSM990540,49.1107280818899,,0,0.283793000726114,0,0.9971027,0.970098146396107,0.058578044381455,male,0
GSM990006,72.20329220725,,0,0.28268840256027,0,0.9970837,0.964847202257215,0.062383632416043,male,0
GSM990038,81.2051121347001,,0,0.281621260909278,0,0.9967664,0.959620963656516,0.066521693723833,male,0
GSM990391,44.0552544296612,,0,0.27527504313238,0,0.9975159,0.968640350216456,0.056924759135391,male,0
GSM989893,74.3398728896462,,0,0.271182958345085,0,0.9956096,0.968565524252899,0.056559758336612,male,0
GSM989958,59.2964547059683,,0,0.272233565434147,0,0.9954751,0.970617605584898,0.054396335197557,male,0
GSM990121,62.5642105121022,,0,0.27957059197032,0,0.9972412,0.964856539659734,0.062012771304598,male,0
GSM990436,65.4399020316757,,0,0.282687522649104,0,0.9970317,0.963411466555151,0.06458294600055,male,0
GSM990070,50.4117690689475,,0,0.267832533351547,0,0.9970606,0.967736529602564,0.056964261640877,male,0
GSM990395,45.4318852775078,,0,0.282207733858026,0,0.9973237,0.965532249881585,0.062435852966016,male,0
GSM990486,73.7596307036383,,0,0.272298621486315,0,0.9970104,0.960294427380914,0.062284129791578,male,0
GSM990393,51.1152837705564,,0,0.281409106729918,0,0.9970319,0.964297074628462,0.063409033771176,male,0
GSM990394,58.3341524989053,,0,0.280710091826823,0,0.9972454,0.966629743641962,0.060845863639211,male,0
GSM990492,67.0071390166621,,0,0.281857604865242,0,0.995269,0.969915280650826,0.05723335694703,male,0
GSM989978,57.4109435439282,,0,0.274021750010945,0,0.9969238,0.968968768046143,0.056678308299966,male,0
GSM989967,69.6297924018637,,0,0.268294857736666,0,0.9966355,0.964889838621122,0.058160487151795,male,0
GSM989908,69.724530093323,,0,0.270081441455188,0,0.9964606,0.96738740268376,0.057203284377531,male,0
GSM989909,66.0707175341162,,0,0.267625306003122,0,0.9950834,0.968312550083673,0.055428681864616,male,0
GSM990425,65.3178848385031,,0,0.281100694400026,0,0.9973792,0.966843392848558,0.060784332105474,male,0
GSM990053,57.3829490749426,,0,0.273599802452996,0,0.9954697,0.968828789109594,0.056262478581926,male,0
GSM989922,71.0979862075711,,0,0.274742324667314,0,0.9962854,0.967775952333995,0.057964727716623,male,0
GSM990302,62.8159489788839,,0,0.279728096071365,0,0.9973001,0.966096268522714,0.060988966163281,male,0
GSM990073,62.4306250335484,,0,0.280681734904873,0,0.9970115,0.967120084359154,0.060935183954828,male,0
GSM989943,58.7845171527799,,0,0.27311337694257,0,0.9968715,0.969702852332972,0.056334662483543,male,0
GSM990444,55.8176912775671,,0,0.277845018743846,0,0.9972652,0.965666388819366,0.061398749929584,male,0
GSM990538,38.5319896956233,,0,0.28400863440303,0,0.9968712,0.968196896268962,0.060843848330601,male,0
GSM990606,74.5875604885436,,0,0.286228658557273,0,0.9970801,0.964878287555091,0.064183433792933,male,0
GSM990037,56.5798287185705,,0,0.276439617183803,0,0.9976379,0.969296741316567,0.056702177840795,male,0
GSM989923,98.1929527663814,,0,0.279075068617079,0,0.996277,0.952819837824577,0.066636809638679,male,0
GSM990051,70.3919826106151,,0,0.266678437371063,0,0.9962272,0.966251834226051,0.056628547769814,male,0
GSM989858,82.1697945504775,,0,0.268419495432432,0,0.9965451,0.953067436707331,0.064707345981455,male,0
GSM990120,47.8759131483958,,0,0.281135553847724,0,0.9974053,0.967438191396207,0.060822026733822,male,0
GSM989903,67.5691780994749,,0,0.269196433424694,0,0.9965973,0.963286796645092,0.058888851856832,male,0
GSM990475,72.1208659992325,,0,0.272927825825342,0,0.9974088,0.969823067800611,0.055712481151363,male,0
GSM990338,55.9614061824007,,0,0.278645628188987,0,0.9968848,0.967539775377933,0.059410502703771,male,0
GSM990039,70.6966807386804,,0,0.272827722895803,0,0.9972192,0.960316951299115,0.063670674791689,male,0
GSM990489,68.1953938795187,,0,0.276694870497803,0,0.9969648,0.967926555769792,0.058178306908367,male,0
GSM990460,70.5199986442619,,0,0.281718029878776,0,0.9962829,0.962067995993228,0.065277718115499,male,0
GSM990563,81.7741339328607,,0,0.283332178473868,0,0.9975238,0.965378539676573,0.062011678820596,male,0
GSM989960,72.8608122696396,,0,0.275598200080499,0,0.9971682,0.965702599975764,0.059000662863175,male,0
GSM990412,76.2131740706374,,0,0.279347615646305,0,0.9974901,0.960509593248034,0.064568776991548,male,0
GSM990035,67.0468467753353,,0,0.275378631083538,0,0.9972027,0.966110551060263,0.059751017932956,male,0
GSM990520,48.0825580142883,,0,0.275408221558733,0,0.997296,0.963033931773438,0.062692225149804,male,0
GSM990072,50.3960785611351,,0,0.284464647349793,0,0.9968776,0.967363012511793,0.061777413814276,male,0
GSM989914,65.9576011550562,,0,0.269492330729396,0,0.9967722,0.967548926572315,0.056951130473251,male,0
GSM990101,47.7787698073637,,0,0.281393430356249,0,0.9969701,0.965752523737311,0.062399751565896,male,0
GSM990616,71.7941636149234,,0,0.289049460455384,0,0.997179,0.964719561449646,0.065589144170344,male,0
GSM990341,48.9531819186871,,0,0.279291017624566,0,0.9970365,0.965495429757062,0.061812940923571,male,0
