,Marker,Coefficient,Unnamed: 0,UCSC_RefGene_Name,Name
0,cg00075967,0.12933661,77.0,stimulated by retinoic acid 6,cg00075967
1,cg00374717,0.005017857,354.0,arylsulfatase G,cg00374717
2,cg00864867,1.59976405,825.0,pro-apoptotic WT1 regulator,cg00864867
3,cg00945507,0.056852417999999995,911.0,SEC61 translocon gamma subunit,cg00945507
4,cg01027739,0.102862854,968.0,dolichyldiphosphatase 1,cg01027739
5,cg01353448,0.238560451,1268.0,protein phosphatase 1 regulatory subunit 17,cg01353448
6,cg01584473,0.088628396,,,
7,cg01644850,0.15994871300000002,1544.0,zinc finger protein 551,cg01644850
8,cg01656216,0.042805527999999995,1555.0,zinc finger protein 438,cg01656216
9,cg01873645,-0.604056375,1755.0,chromosome 9 open reading frame 85,cg01873645
10,cg01968178,1.169245865,1847.0,receptor accessory protein 1,cg01968178
11,cg02085507,0.006127551,1961.0,thyroid hormone receptor interactor 10,cg02085507
12,cg02154074,0.044757003,2019.0,HtrA serine peptidase 2,cg02154074
13,cg02217159,-0.086512604,2085.0,"KH RNA binding domain containing, signal transduction associated 2",cg02217159
14,cg02331561,0.126928853,2203.0,ATP binding cassette subfamily A member 3,cg02331561
15,cg02332492,0.06277134200000001,2205.0,complement C8 gamma chain,cg02332492
16,cg02364642,-0.024270255,,,
17,cg02388150,0.42597125700000005,,,
18,cg02479575,1.8754461869999999,,,
19,cg02489552,0.073741383,2306.0,coiled-coil domain containing 105,cg02489552
20,cg02580606,0.34927449299999996,2392.0,keratin 33B,cg02580606
21,cg02654291,0.140583491,2471.0,chromosome 9 open reading frame 64,cg02654291
22,cg02827112,0.050646083,2624.0,"SWI/SNF-related, matrix-associated actin-dependent regulator of chromatin, subfamily a, containing DEAD/H box 1",cg02827112
23,cg02972551,0.47394601,2769.0,lysine demethylase 3A,cg02972551
24,cg03103192,0.023536342999999998,2903.0,spermatogenesis associated 18,cg03103192
25,cg03167275,-0.5510412579999999,2974.0,CXADR Ig-like cell adhesion molecule,cg03167275
26,cg03270204,0.013544725,3050.0,discoidin domain receptor tyrosine kinase 1,cg03270204
27,cg03565323,-0.20765322100000003,3335.0,zinc finger protein 287,cg03565323
28,cg03588357,-0.8588430020000001,3357.0,G protein-coupled receptor 68,cg03588357
29,cg03760483,0.014946398999999999,3512.0,"arachidonate 12-lipoxygenase, 12S type",cg03760483
30,cg04084157,1.034144196,3839.0,VGF nerve growth factor inducible,cg04084157
31,cg04126866,0.079374551,3880.0,chromosome 10 open reading frame 99,cg04126866
32,cg04528819,0.7717981070000001,4245.0,Kruppel like factor 14,cg04528819
33,cg04836038,0.440056203,4531.0,dedicator of cytokinesis 9,cg04836038
34,cg05250458,0.08729555900000001,4885.0,zinc finger protein 177,cg05250458
35,cg05294243,0.11851793,4922.0,kallikrein related peptidase 13,cg05294243
36,cg05365729,0.052940133,4983.0,lysyl oxidase like 2,cg05365729
37,cg05675373,0.346355946,5268.0,potassium voltage-gated channel subfamily C member 4,cg05675373
38,cg05755779,0.060215102,5342.0,collectin subfamily member 10,cg05755779
39,cg05921699,0.018064958,5493.0,CD79a molecule,cg05921699
40,cg05960024,0.081029885,5535.0,clock circadian regulator,cg05960024
41,cg06121469,0.027024582000000002,5651.0,"SPG11 vesicle trafficking associated, spatacsin",cg06121469
42,cg06144905,0.597211279,5669.0,pipecolic acid and sarcosine oxidase,cg06144905
43,cg06361108,0.43315799,5887.0,cyclin F,cg06361108
44,cg06462291,0.015758987,5982.0,5'-nucleotidase domain containing 3,cg06462291
45,cg06493994,1.858006164,6017.0,"secretagogin, EF-hand calcium binding protein",cg06493994
46,cg06557358,-0.141331243,6090.0,transmembrane protein 132E,cg06557358
47,cg06738602,-0.15167454800000002,6256.0,prostaglandin E receptor 2,cg06738602
48,cg06810647,0.374888117,6323.0,cramped chromatin regulator homolog 1,cg06810647
49,cg06952310,0.09176065800000001,6457.0,neurocan,cg06952310
50,cg06993413,1.503184415,6487.0,dipeptidyl peptidase 8,cg06993413
51,cg07285276,0.192242573,6752.0,Rap guanine nucleotide exchange factor 1,cg07285276
52,cg07291563,0.041640015,6758.0,glutamate rich WD repeat containing 1,cg07291563
53,cg07337598,0.08822692800000001,6805.0,annexin A9,cg07337598
54,cg07455279,0.0056322640000000005,6908.0,NADH:ubiquinone oxidoreductase subunit A3,cg07455279
55,cg07595943,0.051178068,7032.0,adenosine deaminase domain containing 2,cg07595943
56,cg08030082,0.012830322,7448.0,proopiomelanocortin,cg08030082
57,cg08090772,-0.341458098,7496.0,alcohol dehydrogenase iron containing 1,cg08090772
58,cg08124722,0.008484904,7532.0,C-C motif chemokine ligand 7,cg08124722
59,cg08251036,0.06863488200000001,7633.0,"alpha-1,6-mannosylglycoprotein 6-beta-N-acetylglucosaminyltransferase",cg08251036
60,cg08370996,0.8129076279999999,7745.0,nuclear receptor subfamily 2 group F member 2,cg08370996
61,cg08413469,0.140510611,7784.0,DEP domain containing 1,cg08413469
62,cg08434234,-0.211774018,7804.0,diacylglycerol kinase iota,cg08434234
63,cg08771731,0.103386824,8119.0,brain abundant membrane attached signal protein 1,cg08771731
64,cg08965235,-0.22013079600000002,8297.0,latent transforming growth factor beta binding protein 3,cg08965235
65,cg09019938,-0.12172174,8352.0,protein kinase cGMP-dependent 1,cg09019938
66,cg09118625,0.30780835100000004,,,
67,cg09191327,-0.278393765,8505.0,PR/SET domain 12,cg09191327
68,cg09418283,0.027502906,8706.0,pro-apoptotic WT1 regulator,cg09418283
69,cg09509673,0.013745188,8809.0,C-C motif chemokine receptor 10,cg09509673
70,cg09785172,-0.016561072,9045.0,wolframin ER transmembrane glycoprotein,cg09785172
71,cg09869858,0.066316642,9125.0,"endonuclease, poly(U) specific",cg09869858
72,cg09885951,0.095237498,9149.0,centromere protein F,cg09885951
73,cg10281002,0.46841691799999996,9513.0,T-box transcription factor 5,cg10281002
74,cg10376763,-0.11535817699999999,9604.0,transition protein 1,cg10376763
75,cg10377274,0.057139076,9606.0,prostate and testis expressed 1,cg10377274
76,cg10486998,-0.389335841,9698.0,galanin receptor 1,cg10486998
77,cg10523019,0.5146467779999999,9735.0,rhomboid domain containing 1,cg10523019
78,cg10920957,-0.399903548,10099.0,junctophilin 3,cg10920957
79,cg11932564,0.7000010790000001,11088.0,TNF receptor superfamily member 13C,cg11932564
80,cg12351433,0.079279219,11441.0,luteinizing hormone/choriogonadotropin receptor,cg12351433
81,cg12373771,0.533301546,11456.0,transmembrane protein 121B,cg12373771
82,cg12768605,-0.188560769,11849.0,LY6/PLAUR domain containing 5,cg12768605
83,cg12830694,0.33972678100000003,11916.0,protein phosphatase 1 regulatory inhibitor subunit 14A,cg12830694
84,cg12946225,0.133612754,12016.0,high mobility group 20B,cg12946225
85,cg13038560,0.261380978,12090.0,matrix AAA peptidase interacting protein 1,cg13038560
86,cg13216057,-0.13885739800000002,12237.0,dickkopf WNT signaling pathway inhibitor 3,cg13216057
87,cg13319175,0.013848218,12357.0,capping actin protein of muscle Z-line subunit beta,cg13319175
88,cg13460409,0.41202331299999995,12492.0,ripply transcriptional repressor 3,cg13460409
89,cg13682722,0.11010093300000001,12706.0,"NRDE-2, necessary for RNA interference, domain containing",cg13682722
90,cg13836627,0.029983661,12856.0,tight junction protein 1,cg13836627
91,cg13854874,0.049613334,12879.0,chromatin assembly factor 1 subunit B,cg13854874
92,cg13899108,0.033651673,12918.0,phosphodiesterase 4C,cg13899108
93,cg13975369,0.378716214,12993.0,centrosomal protein 41,cg13975369
94,cg14258236,0.08689753900000001,13276.0,olfactory receptor family 5 subfamily V member 1,cg14258236
95,cg14308452,0.003142044,,,
96,cg14329157,0.251930765,13351.0,dynein assembly factor with WD repeats 1,cg14329157
97,cg14424579,3.0674702689999997,13449.0,ATP/GTP binding protein like 5,cg14424579
98,cg14501253,-0.066922165,,,
99,cg14658362,-0.16860353600000003,13677.0,"RNA binding protein, mRNA processing factor",cg14658362
100,cg14723032,0.000900283,13744.0,PITPNM family member 3,cg14723032
101,cg14894144,0.053377439000000006,13908.0,laminin subunit alpha 3,cg14894144
102,cg14992253,0.035824163,13999.0,transmembrane protein 234,cg14992253
103,cg15341340,-0.468757862,14314.0,"deoxyribonuclease 2, lysosomal",cg15341340
104,cg15381769,-0.11962723300000001,14354.0,protein tyrosine phosphatase receptor type K,cg15381769
105,cg15547534,0.382897521,14515.0,protein phosphatase 1 regulatory subunit 35,cg15547534
106,cg15661409,0.043744933,14641.0,coiled-coil domain containing 198,cg15661409
107,cg15974053,-0.009486551,14989.0,hydroxysteroid 17-beta dehydrogenase 14,cg15974053
108,cg15988232,0.036324808,15008.0,chondroitin sulfate proteoglycan 5,cg15988232
109,cg16150435,0.017495382,15147.0,chromosome 6 open reading frame 15,cg16150435
110,cg16241714,2.551903028,15236.0,CCAAT enhancer binding protein delta,cg16241714
111,cg16494477,-0.066439934,,,
112,cg16547529,0.167493846,,,
113,cg16579101,-0.096067716,15543.0,NOP2 nucleolar protein,cg16579101
114,cg17063929,-0.0019855579999999997,15966.0,NADPH oxidase 4,cg17063929
115,cg17099569,0.115572976,16002.0,GLI family zinc finger 2,cg17099569
116,cg17285325,0.137315506,16177.0,thymidine phosphorylase,cg17285325
117,cg17408647,-0.094843228,16289.0,cytochrome c oxidase assembly factor 1 homolog,cg17408647
118,cg17655614,0.15662416699999998,16499.0,cadherin 1,cg17655614
119,cg17729667,0.146830197,16579.0,ninein like,cg17729667
120,cg17853587,-0.022992725,16707.0,N-deacetylase and N-sulfotransferase 3,cg17853587
121,cg17960516,0.066620539,16801.0,docking protein 7,cg17960516
122,cg18055007,0.037915414,16879.0,dimethylarginine dimethylaminohydrolase 2,cg18055007
123,cg18180783,0.121873904,17001.0,myozenin 1,cg18180783
124,cg18440048,0.356369685,17253.0,zinc finger protein 70,cg18440048
125,cg18573383,0.5542655360000001,17371.0,potassium voltage-gated channel subfamily C member 2,cg18573383
126,cg18983672,0.20188848199999998,17741.0,forkhead box E3,cg18983672
127,cg18984151,0.315009523,17742.0,elongator acetyltransferase complex subunit 6,cg18984151
128,cg19008809,0.590929745,17775.0,Scm like with four mbt domains 1,cg19008809
129,cg19167673,-0.47038013,17913.0,platelet derived growth factor subunit B,cg19167673
130,cg19273182,-0.754588838,18012.0,poly(A) polymerase gamma,cg19273182
131,cg19305227,0.019259662,18042.0,solute carrier family 28 member 2,cg19305227
132,cg19346193,0.149635977,18079.0,uroporphyrinogen III synthase,cg19346193
133,cg19478743,0.122668557,18206.0,C-X-C motif chemokine ligand 16,cg19478743
134,cg19514928,-0.005027927,18230.0,TLC domain containing 4,cg19514928
135,cg19692710,0.021362462000000002,18385.0,DnaJ heat shock protein family (Hsp40) member B13,cg19692710
136,cg19945840,0.62850032,18620.0,"beta-1,3-galactosyltransferase 6",cg19945840
137,cg20295671,-0.028008212999999997,18931.0,yippee like 1,cg20295671
138,cg20305610,-0.164360384,18938.0,PDZ and LIM domain 5,cg20305610
139,cg20524216,-0.389841338,19133.0,elongator acetyltransferase complex subunit 6,cg20524216
140,cg20692569,0.7447760720000001,19298.0,frizzled class receptor 9,cg20692569
141,cg20761322,0.116737935,19353.0,calcium and integrin binding family member 2,cg20761322
142,cg20795863,0.094275521,19393.0,neuraminidase 2,cg20795863
143,cg20828084,0.14446198,19419.0,cell migration inducing hyaluronidase 1,cg20828084
144,cg20914508,-0.003601976,19509.0,growth associated protein 43,cg20914508
145,cg20947775,-0.216873362,19534.0,stearoyl-CoA desaturase 5,cg20947775
146,cg20999813,-0.38762898799999995,19587.0,ubiquitin specific peptidase 10,cg20999813
147,cg21096399,0.119679089,19695.0,melanoma cell adhesion molecule,cg21096399
148,cg21378206,0.19597204899999998,19973.0,interleukin 36 receptor antagonist,cg21378206
149,cg21460081,-0.150206847,20056.0,homeobox B4,cg21460081
150,cg21801378,0.205911023,20383.0,CUGBP Elav-like family member 6,cg21801378
151,cg21870884,0.135875207,20438.0,G protein-coupled receptor 25,cg21870884
152,cg22006386,0.027954025,20554.0,cation channel sperm associated auxiliary subunit gamma,cg22006386
153,cg22289837,-0.057604916,20824.0,carbonic anhydrase 3,cg22289837
154,cg22432269,-0.047520857,20953.0,cytoplasmic FMR1 interacting protein 1,cg22432269
155,cg22449114,0.009556913,20968.0,transcription factor 15,cg22449114
156,cg22679120,0.008321410999999999,21173.0,sorting nexin 8,cg22679120
157,cg22736354,1.718507337,21223.0,NHL repeat containing E3 ubiquitin protein ligase 1,cg22736354
158,cg22809047,0.16017378599999998,21299.0,ribosomal protein L31,cg22809047
159,cg22901840,0.078584998,,,
160,cg22920873,0.114374788,21398.0,formation of mitochondrial complex V assembly factor 1 homolog,cg22920873
161,cg23517605,0.128377865,21948.0,tubulin beta 2B class IIb,cg23517605
162,cg23662675,0.6007654889999999,22078.0,zinc finger MYND-type containing 8,cg23662675
163,cg23941599,0.266499641,22344.0,fem-1 homolog C,cg23941599
164,cg24116886,0.187704497,22504.0,defensin beta 127,cg24116886
165,cg24126851,0.000792206,22516.0,dachsous cadherin-related 1,cg24126851
166,cg24254120,0.372917726,22622.0,replication factor C subunit 3,cg24254120
167,cg24262469,0.152852459,22627.0,TCDD inducible poly(ADP-ribose) polymerase,cg24262469
168,cg24450312,-0.001508834,,,
169,cg24580001,0.339639763,22936.0,coiled-coil domain containing 88B,cg24580001
170,cg24834740,-0.087006506,23185.0,protein phosphatase 1 regulatory subunit 16B,cg24834740
171,cg25070637,-0.27992243899999997,23415.0,syndecan 2,cg25070637
172,cg25148589,0.17996912899999998,23497.0,glutamate ionotropic receptor AMPA type subunit 2,cg25148589
173,cg25505610,1.50223047,23843.0,eukaryotic translation initiation factor 3 subunit M,cg25505610
174,cg25552492,-0.17602972100000003,23890.0,leucine rich repeat LGI family member 3,cg25552492
175,cg25683012,-1.392021375,23998.0,bromodomain adjacent to zinc finger domain 2A,cg25683012
176,cg25771195,0.304478062,24074.0,cilia and flagella associated protein 20,cg25771195
177,cg25781123,0.019974651,24081.0,THUMP domain containing 3,cg25781123
178,cg26003813,-0.192765894,24286.0,polo like kinase 1,cg26003813
179,cg26005082,0.283314043,,,
180,cg26045434,-0.296285378,24321.0,HR lysine demethylase and nuclear receptor corepressor,cg26045434
181,cg26297688,0.959651842,24569.0,transmembrane protein 263,cg26297688
182,cg26372517,0.126025756,24633.0,transcription factor AP-2 epsilon,cg26372517
183,cg26453588,0.127052431,,,
184,cg26620959,-0.040743067,24849.0,spectrin repeat containing nuclear envelope protein 1,cg26620959
185,cg26842024,0.358161798,25073.0,Kruppel like factor 2,cg26842024
186,cg26845300,0.254089345,25077.0,sorting nexin 9,cg26845300
187,cg27092035,-0.055768503,25293.0,ADP ribosylation factor like GTPase 10,cg27092035
188,cg27169020,0.087286864,25348.0,basonuclin 1,cg27169020
189,cg27319898,-0.211230721,25489.0,zinc finger protein 804B,cg27319898
190,cg27377450,0.092440884,25534.0,Rho/Rac guanine nucleotide exchange factor 18,cg27377450
191,cg27413543,-0.26127524399999996,25569.0,"SEC31 homolog A, COPII coat complex component",cg27413543
192,cg27494383,0.064596615,25638.0,leukocyte receptor tyrosine kinase,cg27494383
193,cg00091693,-0.002008493,91.0,keratin 20,cg00091693
194,cg00168942,-0.111945219,166.0,gap junction protein delta 4,cg00168942
195,cg00431549,-0.13619995699999998,408.0,matrix Gla protein,cg00431549
196,cg00436603,0.000265206,414.0,cytochrome P450 family 2 subfamily E member 1,cg00436603
197,cg01027805,-0.16767279599999999,969.0,zinc finger protein 219,cg01027805
198,cg01234063,-0.040535924,1153.0,"ST3 beta-galactoside alpha-2,3-sialyltransferase 4",cg01234063
199,cg01262913,-0.033581152,,,
200,cg01407797,-0.37916654299999997,1313.0,coiled-coil domain containing 117,cg01407797
201,cg01459453,-0.345952077,1374.0,selectin P,cg01459453
202,cg01485645,-0.025753328,1403.0,"MLLT6, PHD finger containing",cg01485645
203,cg01511567,-0.686111875,1424.0,structure specific recognition protein 1,cg01511567
204,cg01560871,-0.036910708,1465.0,"thymus, brain and testes associated",cg01560871
205,cg01570885,-0.031258306,1475.0,family with sequence similarity 50 member B,cg01570885
206,cg01820374,-0.27112236300000003,1718.0,lymphocyte activating 3,cg01820374
207,cg02047577,-0.658400181,1929.0,uridine-cytidine kinase 1 like 1,cg02047577
208,cg02071305,-0.048429497,1952.0,VPS18 core subunit of CORVET and HOPS complexes,cg02071305
209,cg02275294,-0.337498333,2147.0,sterol O-acyltransferase 1,cg02275294
210,cg02335441,-0.17128537,2209.0,asteroid homolog 1,cg02335441
211,cg03019000,-0.459777041,2822.0,"testis expressed 264, ER-phagy receptor",cg03019000
212,cg03286783,-0.854784621,3069.0,cancer susceptibility 4,cg03286783
213,cg03330058,-0.064471129,,,
214,cg03578041,-0.032630972,3348.0,"La ribonucleoprotein 6, translational regulator",cg03578041
215,cg03682823,-0.11267723199999999,3430.0,sarcoglycan epsilon,cg03682823
216,cg03891319,-0.026893522000000003,3652.0,aminoacylase 1,cg03891319
217,cg03947362,-0.301555266,,,
218,cg04005032,-0.144763726,3767.0,oxysterol binding protein like 10,cg04005032
219,cg04094160,-0.201195165,3848.0,zinc finger and BTB domain containing 5,cg04094160
220,cg04121983,0.054920672000000004,3874.0,CASK interacting protein 2,cg04121983
221,cg04268405,-0.416694314,3982.0,carbohydrate sulfotransferase 3,cg04268405
222,cg04431054,-0.05992505,4140.0,proline rich coiled-coil 1,cg04431054
223,cg04452713,-0.001478366,,,
224,cg04474832,-0.444042106,4190.0,abhydrolase domain containing 14A,cg04474832
225,cg04999691,-0.001756899,4674.0,ZBED6 C-terminal like,cg04999691
226,cg05442902,-0.578208568,5059.0,purinergic receptor P2X 6,cg05442902
227,cg05590257,-0.031153885,5186.0,phospholipase D family member 6,cg05590257
228,cg05847778,-0.058704445,5424.0,Bardet-Biedl syndrome 5,cg05847778
229,cg05903609,-0.158648055,5474.0,pre-mRNA processing factor 8,cg05903609
230,cg06044899,-0.142865007,5593.0,TMSB4X pseudogene 8,cg06044899
231,cg06117855,-0.007113851,5648.0,C-type lectin domain family 3 member B,cg06117855
232,cg06513075,0.13055187599999998,6047.0,N-acetyltransferase 10,cg06513075
233,cg06688848,-0.016307574,6212.0,ring finger and SPRY domain containing 1,cg06688848
234,cg06836772,-0.23801560100000002,6358.0,protein kinase AMP-activated catalytic subunit alpha 2,cg06836772
235,cg06926735,0.001010208,6436.0,ubiquitin conjugating enzyme E2 V1,cg06926735
236,cg07158339,-0.626329239,6655.0,frataxin,cg07158339
237,cg07388493,-0.520727113,6854.0,NADH:ubiquinone oxidoreductase subunit S5,cg07388493
238,cg07408456,-0.218776385,6866.0,peptidoglycan recognition protein 2,cg07408456
239,cg07498421,-0.059490426,6952.0,CASP2 and RIPK1 domain containing adaptor with death domain,cg07498421
240,cg07663789,-0.07478971400000001,7093.0,natriuretic peptide receptor 3,cg07663789
241,cg07730301,-0.01177889,7157.0,aldehyde dehydrogenase 3 family member B1,cg07730301
242,cg07770222,0.009940405,7190.0,chromosome 8 open reading frame 31,cg07770222
243,cg07849904,-0.116542884,7261.0,"MN1 proto-oncogene, transcriptional regulator",cg07849904
244,cg08186124,-0.070505215,7584.0,leucine zipper transcription factor like 1,cg08186124
245,cg08331960,-0.42705014,7704.0,SLC9A3 regulator 2,cg08331960
246,cg09133026,-0.19654348100000002,8451.0,ribosomal protein S6 kinase like 1,cg09133026
247,cg09441152,-0.6830758509999999,8739.0,solute carrier family 66 member 2,cg09441152
248,cg09646392,-0.00041740699999999996,8941.0,TNF superfamily member 13b,cg09646392
249,cg09722397,-0.147296004,8999.0,glutamate ionotropic receptor NMDA type subunit 2C,cg09722397
250,cg09722555,-0.346465927,9000.0,C-C motif chemokine ligand 27,cg09722555
251,cg09809672,-0.391318905,9066.0,EDAR associated death domain,cg09809672
252,cg10045881,-0.046803147,9289.0,chitinase 3 like 2,cg10045881
253,cg10266490,-0.014675,9497.0,acyl-CoA thioesterase 11,cg10266490
254,cg10345936,0.069971286,9577.0,solute carrier family 36 member 2,cg10345936
255,cg10865119,-0.069157921,,,
256,cg10940099,0.093135749,10118.0,CD164 molecule,cg10940099
257,cg11025793,-0.012053497,10203.0,syntaxin 10,cg11025793
258,cg11299964,-0.157897406,10476.0,MAPK associated protein 1,cg11299964
259,cg11314684,-0.076158602,10494.0,AKT serine/threonine kinase 3,cg11314684
260,cg11388238,-0.35058529,10563.0,potassium channel tetramerization domain containing 18,cg11388238
261,cg11653266,-0.17634719199999999,10795.0,mitochondrial ribosomal protein L38,cg11653266
262,cg12413566,-0.045644385,11494.0,xin actin binding repeat containing 1,cg12413566
263,cg12616277,-0.002979815,11701.0,extended synaptotagmin 3,cg12616277
264,cg12941369,-0.131067992,12014.0,programmed cell death 6 interacting protein,cg12941369
265,cg12985418,-0.431303727,12053.0,mindbomb E3 ubiquitin protein ligase 1,cg12985418
266,cg13129046,-0.205992326,12163.0,family with sequence similarity 241 member B,cg13129046
267,cg13269407,-0.091238949,12298.0,PRR34 long non-coding RNA,cg13269407
268,cg13302154,-0.003525343,12340.0,matrix Gla protein,cg13302154
269,cg13547237,-0.201508653,12566.0,chromosome 11 open reading frame 68,cg13547237
270,cg13828047,-0.448971744,12848.0,mannose phosphate isomerase,cg13828047
271,cg13931228,-0.12067687,12959.0,membrane palmitoylated protein 6,cg13931228
272,cg14060828,-0.303565965,13083.0,parathyroid hormone 2,cg14060828
273,cg14163776,-0.119511769,13185.0,"ArfGAP with coiled-coil, ankyrin repeat and PH domains 2",cg14163776
274,cg14175438,-0.336713957,13198.0,family with sequence similarity 3 member C,cg14175438
275,cg14408969,-0.14037328699999999,13435.0,small integral membrane protein 19,cg14408969
276,cg14409958,-0.050383780999999996,13438.0,ectonucleotide pyrophosphatase/phosphodiesterase 2,cg14409958
277,cg14423778,-0.08712088800000001,13446.0,muscleblind like splicing regulator 1,cg14423778
278,cg14597908,-0.030798249,13619.0,GNAS complex locus,cg14597908
279,cg14654875,-0.122182935,13673.0,zinc finger protein 597,cg14654875
280,cg14727952,-0.136027886,13751.0,baculoviral IAP repeat containing 2,cg14727952
281,cg15185286,-0.241642003,14165.0,androgen induced 1,cg15185286
282,cg15262928,-0.078482669,14238.0,translocase of inner mitochondrial membrane 17A,cg15262928
283,cg15703512,-0.7307028109999999,14688.0,PDZ domain containing 9,cg15703512
284,cg15804973,-0.108169109,14812.0,mitogen-activated protein kinase kinase kinase 5,cg15804973
285,cg16034652,0.006495541,15058.0,"unc-79 homolog, NALCN channel complex subunit",cg16034652
286,cg16168311,-0.196860712,15160.0,NAD(P)HX epimerase,cg16168311
287,cg16358826,-0.012966376000000002,15356.0,gamma-aminobutyric acid type A receptor alpha4 subunit,cg16358826
288,cg16408394,-1.719195146,15402.0,retinoid X receptor alpha,cg16408394
289,cg16419345,0.282563693,15418.0,acyl-CoA oxidase 1,cg16419345
290,cg16744741,-0.3462842,15683.0,protein kinase cGMP-dependent 2,cg16744741
291,cg16899442,-0.153803786,,,
292,cg16984944,-5.94e-06,15887.0,TBC1 domain family member 23,cg16984944
293,cg17274064,-0.000157189,16169.0,ETS transcription factor ERG,cg17274064
294,cg17324128,-0.569717328,16200.0,Ras association domain family member 4,cg17324128
295,cg17338403,-0.645058713,16213.0,solute carrier organic anion transporter family member 3A1,cg17338403
296,cg17589341,-0.065957735,16443.0,solute carrier family 14 member 1 (Kidd blood group),cg17589341
297,cg17686885,-0.057992142,16526.0,target of myb1 like 1 membrane trafficking protein,cg17686885
298,cg18031008,0.264553633,16863.0,mitochondrial ribosomal protein S21,cg18031008
299,cg18139769,-0.089986969,16969.0,sarcoglycan epsilon,cg18139769
300,cg18328933,-0.37048069,17128.0,abhydrolase domain containing 14A,cg18328933
301,cg18956095,-0.478583455,17716.0,zinc fingers and homeoboxes 1,cg18956095
302,cg19044674,-0.055931441,17809.0,prolyl 3-hydroxylase 1,cg19044674
303,cg19046959,-0.069773889,17810.0,collagen type VIII alpha 2 chain,cg19046959
304,cg19420968,0.098912421,18150.0,hypocretin receptor 1,cg19420968
305,cg19569684,-0.28609508300000003,18285.0,marginal zone B and B1 cell specific protein,cg19569684
306,cg19706682,-0.10353926599999999,18397.0,dynein axonemal assembly factor 1,cg19706682
307,cg19722847,-0.45203739600000004,18411.0,importin 8,cg19722847
308,cg19724470,-0.104549906,18414.0,CD274 molecule,cg19724470
309,cg19761273,-0.88692879,18444.0,casein kinase 1 delta,cg19761273
310,cg19853760,-0.24188446100000002,18540.0,galectin 1,cg19853760
311,cg20100381,-0.120248941,18765.0,NEDD8 activating enzyme E1 subunit 1,cg20100381
312,cg20240860,-0.052478619000000004,18880.0,1-aminocyclopropane-1-carboxylate synthase homolog (inactive),cg20240860
313,cg21211748,-0.166397828,19802.0,E2F transcription factor 2,cg21211748
314,cg21305265,-0.045368222,19907.0,cell division cycle associated 2,cg21305265
315,cg21370143,-0.054401835999999995,19963.0,"myosin binding protein C, cardiac",cg21370143
316,cg21395782,-0.123872644,19986.0,NADH:ubiquinone oxidoreductase subunit A13,cg21395782
317,cg21950518,-0.0025106160000000002,20511.0,interleukin 6 signal transducer,cg21950518
318,cg22171829,-0.13388734800000002,20702.0,pyruvate dehydrogenase kinase 4,cg22171829
319,cg22190114,0.122000415,20732.0,NLR family pyrin domain containing 8,cg22190114
320,cg22197830,-0.214854921,20744.0,thioredoxin domain containing 15,cg22197830
321,cg22568540,0.020951084,21071.0,alpha-1-B glycoprotein,cg22568540
322,cg22613010,-0.00136474,21112.0,chloride voltage-gated channel 2,cg22613010
323,cg22637507,-0.161364515,21139.0,"alkB homolog 3, alpha-ketoglutaratedependent dioxygenase",cg22637507
324,cg22947000,-0.385598354,21418.0,beta-carotene oxygenase 1,cg22947000
325,cg23092072,0.999917662,21558.0,AF4/FMR2 family member 1,cg23092072
326,cg23124451,-0.11891453800000001,21589.0,chromobox 7,cg23124451
327,cg23180365,-0.17318824,21646.0,galactosidase beta 1,cg23180365
328,cg23786576,-0.35968199700000003,22198.0,ATP synthase mitochondrial F1 complex assembly factor 1,cg23786576
329,cg24058132,-0.243414212,22444.0,galactosylceramidase,cg24058132
330,cg24081819,-0.00950238,22466.0,epoxide hydrolase 2,cg24081819
331,cg24471894,-0.057512039,22839.0,pumilio RNA binding family member 3,cg24471894
332,cg24888049,-0.129936396,23229.0,"FES proto-oncogene, tyrosine kinase",cg24888049
333,cg24899750,-0.307424926,23243.0,small nuclear ribonucleoprotein polypeptide B2,cg24899750
334,cg25101936,-0.057744615,23450.0,zinc finger and BTB domain containing 16,cg25101936
335,cg25159610,0.22444691100000003,23509.0,polo like kinase 2,cg25159610
336,cg25166896,-0.002315093,23518.0,transport and golgi organization 2 homolog,cg25166896
337,cg25411725,-0.028135965,23729.0,solute carrier family 22 member 13,cg25411725
338,cg25564800,-0.004461622,23903.0,karyopherin subunit alpha 1,cg25564800
339,cg25657834,-0.120291759,23968.0,neurotensin receptor 2,cg25657834
340,cg25809905,-0.21662499899999998,24103.0,integrin subunit alpha 2b,cg25809905
341,cg25928579,-0.030298685,24213.0,homeobox B8,cg25928579
342,cg26043391,-0.36182297399999996,24317.0,F-box protein 28,cg26043391
343,cg26162695,-0.043863368,24438.0,elaC ribonuclease Z 2,cg26162695
344,cg26394940,-0.166268862,24655.0,PRR34 long non-coding RNA,cg26394940
345,cg26456957,-0.159361013,24703.0,protein phosphatase 1 regulatory subunit 12C,cg26456957
346,cg26614073,-0.506521375,24841.0,SREBF chaperone,cg26614073
347,cg26723847,-0.144822054,24949.0,non-SMC condensin II complex subunit D3,cg26723847
348,cg26824091,0.5490291420000001,25054.0,glyoxalase I,cg26824091
349,cg27015931,-0.466528425,25213.0,PDZ domain containing 9,cg27015931
350,cg27016307,-0.035326263,25214.0,histidine rich calcium binding protein,cg27016307
351,cg27202708,-0.138635766,25377.0,coiled-coil domain containing 185,cg27202708
352,cg27544190,-0.8691244459999999,25685.0,eva-1 homolog C,cg27544190
