,Unnamed: 0_x,Reporter Identifier,p,fold_change,abs_change,Rejection on 0.05,qval,Unnamed: 0_y,UCSC_RefGene_Name,Name,cluster
4,259,cg00237010,1.8119033669315312e-08,1.8689553962267784,0.29777420000000004,True,2.2773951010892385e-07,237.0,ninjurin 2,cg00237010,0
6,406,cg00403724,0.0011580971185675669,1.4894528419633022,0.28046940000000004,True,0.0029318968423258517,373.0,tenomodulin,cg00403724,2
7,566,cg00548268,2.0029609096778083e-27,2.2388665685264484,0.23214495,True,3.6688902636204974e-24,523.0,neuronal pentraxin 2,cg00548268,1
8,580,cg00563932,4.988429699337397e-11,1.417409586665192,0.2337928,True,1.272628546137366e-09,537.0,prostaglandin D2 synthase,cg00563932,0
11,691,cg00673020,0.0009933983666944829,1.6240457175303489,0.21409255000000005,True,0.0025817833449959904,648.0,motile sperm domain containing 1,cg00673020,0
12,700,cg00684178,7.883910630306849e-05,1.5308960735557946,0.22423629999999997,True,0.0003094989691074596,657.0,neuraminidase 4,cg00684178,0
14,751,cg00729708,0.0001469014953677606,1.7513129189163232,0.3504436,True,0.0005245309274495894,704.0,ceramide synthase 3,cg00729708,1
16,882,cg00874863,0.013919090570995921,1.295779013520206,0.2037322000000001,True,0.02212047732828295,830.0,LHFPL tetraspan subfamily member 1,cg00874863,2
18,958,cg00936626,2.9233938206637564e-12,1.43989022533485,0.21817660000000005,True,1.0219232648416968e-10,903.0,phosphatidylinositol glycan anchor biosynthesis class Z,cg00936626,1
24,1172,cg01169778,4.099947440874499e-08,1.5046178575085736,0.2195368499999999,True,4.628190463659315e-07,1099.0,"globoside alpha-1,3-N-acetylgalactosaminyltransferase 1 (FORS blood group)",cg01169778,0
29,1338,cg01344171,5.585707511568282e-17,1.4873148714797682,0.23665745000000005,True,7.007894958349321e-15,1255.0,radial spoke head component 9,cg01344171,1
30,1341,cg01346152,0.00024940108813751764,1.5239946586665711,0.23036275000000014,True,0.0008157676240973404,1258.0,dehydrogenase/reductase 3,cg01346152,1
32,1361,cg01361446,0.00012765749019782066,1.3613356327401451,0.21459445,True,0.0004653731193678281,1277.0,interleukin 2 receptor subunit gamma,cg01361446,2
33,1416,cg01420388,1.015945493860941e-09,1.9555825472946653,0.30776815,True,1.8352477573519534e-08,1328.0,F-box protein 2,cg01420388,1
34,1534,cg01525376,9.704121752754035e-07,1.7686579303748429,0.2674493,True,7.112041858593488e-06,1437.0,"LCK proto-oncogene, Src family tyrosine kinase",cg01525376,0
46,2240,cg02228185,4.398147947722448e-08,1.5587735520747046,0.22591264999999994,True,4.901523003309086e-07,2098.0,aspartoacylase,cg02228185,0
48,2462,cg02477931,5.687511993004857e-07,1.6478024062540473,0.2838749500000001,True,4.475088187852275e-06,,,,0
50,2501,cg02512860,2.612728321991833e-10,1.4940970813949677,0.27209405,True,5.4425567380627445e-09,,,,0
51,2508,cg02518339,0.0029567575053787314,1.3619570072863074,0.22542125,True,0.006275772052358905,2341.0,cysteinyl leukotriene receptor 1,cg02518339,2
53,2627,cg02633817,1.5104073936788361e-05,1.6192006312927365,0.22732075,True,7.575749096151825e-05,2454.0,FXYD domain containing ion transport regulator 3,cg02633817,0
54,2682,cg02694395,9.50541981433508e-08,1.6063027511627668,0.2813642500000001,True,9.493671930885884e-07,2506.0,flavin containing dimethylaniline monoxygenase 4,cg02694395,0
58,2837,cg02855426,8.022947881191726e-07,1.4294362227822544,0.23481315000000005,True,6.037757216752229e-06,2652.0,carboxypeptidase A5,cg02855426,1
60,3021,cg03020951,5.089886266820757e-08,1.6537408962844267,0.20568725000000004,True,5.565050340913932e-07,2825.0,high mobility group AT-hook 1,cg03020951,1
63,3162,cg03156547,3.6888084579777796e-05,1.8459088371602619,0.2246423,True,0.0001621140454117042,2956.0,cadherin 24,cg03156547,0
65,3176,cg03161453,8.031677649462995e-06,1.4420094524599931,0.2971588000000001,True,4.413567501932905e-05,,,,2
68,3498,cg03503295,6.491233382724828e-07,1.4469632485713844,0.20308430000000005,True,5.024031786584433e-06,3264.0,dynein axonemal heavy chain 5,cg03503295,0
71,3719,cg03718539,1.090447835472326e-07,2.14680257370425,0.28853375,True,1.0696588621005938e-06,3469.0,ethanolamine kinase 2,cg03718539,1
72,3733,cg03733371,1.0695829664469847e-05,1.4059799985879933,0.2150648999999999,True,5.6330959528651234e-05,3482.0,lipase H,cg03733371,0
73,3763,cg03760483,1.7333397273214395e-11,1.6507354036566857,0.2828371000000001,True,4.945508031971326e-10,3512.0,"arachidonate 12-lipoxygenase, 12S type",cg03760483,1
74,3775,cg03770548,1.709503264218071e-07,1.6653846961629462,0.25503539999999997,True,1.5703882209179445e-06,3524.0,cadherin 24,cg03770548,0
76,3985,cg03959079,0.009340416501036772,1.5092726144325814,0.2831020999999999,True,0.015973517196726426,3719.0,TGF-beta activated kinase 1 (MAP3K7) binding protein 3,cg03959079,2
78,4064,cg04033774,8.590196859515335e-12,1.3869671990092405,0.2207068,True,2.6460117591036247e-10,3795.0,G protein signaling modulator 2,cg04033774,0
80,4244,cg04237003,5.3227830371603966e-08,1.680258386813741,0.31000725,True,5.785157702888412e-07,3962.0,myelin regulatory factor,cg04237003,0
83,4295,cg04289385,3.1537260210894485e-19,1.7827536456784052,0.20025210000000004,True,6.769670012144819e-17,4012.0,ETS variant transcription factor 7,cg04289385,1
85,4333,cg04323365,4.785364066472586e-07,1.5818041761620825,0.2124993500000001,True,3.8671371497176704e-06,4048.0,gap junction protein beta 1,cg04323365,0
89,4548,cg04527918,5.464243231777091e-15,1.7557722720498277,0.2887432499999999,True,3.9097798707371705e-13,4243.0,urocortin,cg04527918,1
92,4643,cg04613080,5.467382188546504e-05,1.7694318386272194,0.34533005,True,0.00022664724353123678,4331.0,cyclic nucleotide gated channel subunit alpha 2,cg04613080,2
94,4735,cg04716261,2.477048872081304e-16,1.5001748003490019,0.2173238,True,2.570057133105078e-14,4418.0,actin related protein T2,cg04716261,1
96,4796,cg04761824,8.459842933106396e-07,1.5023725105521288,0.22839055,True,6.304384172227592e-06,4470.0,deleted in esophageal cancer 1,cg04761824,0
98,4924,cg04902405,4.53697952940849e-09,1.3827507755523487,0.22471210000000008,True,6.734632606700575e-08,4591.0,zinc finger CCCH-type containing 11A,cg04902405,0
105,5102,cg05089968,1.4741016347134819e-06,1.548238538562535,0.22823905,True,1.0186724475701114e-05,4754.0,proline rich 18,cg05089968,0
106,5128,cg05119218,6.47690934048031e-05,1.7746878848553471,0.24284145,True,0.0002617437285468995,4780.0,hexokinase 3,cg05119218,0
108,5218,cg05226008,2.3250886494626026e-06,1.4758549526885891,0.2080533500000002,True,1.5134604539051139e-05,4862.0,DLC1 Rho GTPase activating protein,cg05226008,1
112,5573,cg05598246,4.1924557318981836e-08,1.5680803494642117,0.21055100000000002,True,4.713253424289464e-07,5200.0,myelin oligodendrocyte glycoprotein,cg05598246,0
116,5776,cg05813234,0.003136084335705168,1.6353052010596212,0.26205520000000004,True,0.006592735517049365,5391.0,ribosomal protein S6 kinase A6,cg05813234,2
117,5852,cg05890484,2.1187721559897863e-13,1.6184223625788874,0.24443449999999997,True,9.784098110584095e-12,5464.0,betaine--homocysteine S-methyltransferase,cg05890484,1
120,5889,cg05924583,3.1864638304513265e-11,1.875818741320337,0.21795415,True,8.508384859619111e-10,5500.0,tumor protein p73,cg05924583,1
122,5922,cg05958352,1.110747094815787e-08,1.679952558017024,0.26950450000000004,True,1.4800624237225297e-07,5530.0,"ribonuclease A family member 1, pancreatic",cg05958352,0
124,6003,cg06060661,0.0005250843683051678,1.5578723849212877,0.25608825,True,0.0015186032542744388,5604.0,MAGE family member A11,cg06060661,2
125,6071,cg06144905,2.257392939917412e-24,1.9872918822330023,0.25910345,True,1.87951904294457e-21,5669.0,pipecolic acid and sarcosine oxidase,cg06144905,1
126,6082,cg06154570,1.3388580416030384e-14,1.5547232070568573,0.20390205000000008,True,8.655638482608255e-13,5680.0,hes related family bHLH transcription factor with YRPW motif like,cg06154570,1
129,6291,cg06350107,4.622020062103729e-06,1.592135528221989,0.3344454,True,2.7470175908795596e-05,5876.0,ornithine carbamoyltransferase,cg06350107,2
130,6304,cg06363129,1.4137048806879056e-07,2.0071622673995666,0.2238047,True,1.3334347855056949e-06,5889.0,sclerostin domain containing 1,cg06363129,1
133,6398,cg06458239,1.2344893271380519e-24,6.570027122462985,0.22664173000000004,True,1.0941557662079068e-21,5976.0,zinc finger protein 549,cg06458239,1
142,6705,cg06747888,7.608969566544251e-07,1.5305990838590942,0.21313945,True,5.761565489667027e-06,6263.0,T-box brain transcription factor 1,cg06747888,1
145,6792,cg06825166,2.047986768634721e-06,1.584990048212643,0.2950877000000001,True,1.3562420933961822e-05,6347.0,oligodendrocytic myelin paranodal and inner loop protein,cg06825166,0
148,7116,cg07152925,0.00016493050303668022,1.5756419467937823,0.20381835,True,0.0005789001662539378,6650.0,S100 calcium binding protein B,cg07152925,0
156,7584,cg07654934,2.4212858465322106e-13,1.5056070967171178,0.20746035000000007,True,1.0960008223940531e-11,7085.0,latexin,cg07654934,1
157,7622,cg07685786,6.788041951859621e-08,1.418947528712864,0.20441535,True,7.121353213795148e-07,7119.0,S100 calcium binding protein B,cg07685786,0
158,7719,cg07790638,2.348579598936501e-06,1.4197896499125646,0.2497921999999999,True,1.52624344986706e-05,,,,0
162,7811,cg07888040,6.791439509058255e-07,1.5455416145164633,0.2887881,True,5.224008733227453e-06,7296.0,gliomedin,cg07888040,0
164,7917,cg07980988,0.0003435868805545677,1.348334652240927,0.22609885,True,0.0010629876286586308,7400.0,SH2 domain containing 1A,cg07980988,2
165,7981,cg08047457,4.702583376374651e-16,1.6460764846997784,0.22444709999999995,True,4.4098355238658674e-14,7462.0,Ras association domain family member 1,cg08047457,1
167,8102,cg08177445,0.02328419226311072,1.5865837189699667,0.2831615000000001,True,0.03396275769078039,7579.0,fetal and adult testis expressed 1,cg08177445,2
169,8198,cg08290628,1.4065021914788966e-10,1.57810680443122,0.22141005,True,3.165033105083879e-09,7667.0,coronin 2B,cg08290628,0
174,8408,cg08504583,8.075419045040348e-08,1.8488168007752843,0.21489635,True,8.272938616015236e-07,7865.0,SLAIN motif family member 1,cg08504583,0
175,8488,cg08585897,2.3984006151582268e-05,1.596217666730578,0.21953915,True,0.00011235883256962905,7940.0,TERF2 interacting protein,cg08585897,1
197,9503,cg09604428,6.9728064898196455e-06,1.4600495185251197,0.25115810000000005,True,3.911491039491315e-05,8902.0,polybromo 1,cg09604428,0
198,9523,cg09625066,0.0001523915525503477,1.6269678523092788,0.20332185000000005,True,0.0005414600152429009,8922.0,regucalcin,cg09625066,0
199,9715,cg09839960,9.252104608627128e-08,1.3527697908785472,0.22168320000000008,True,9.284544420257084e-07,9099.0,"small nucleolar RNA, C/D box 109B",cg09839960,0
203,9830,cg09948350,5.679159058591378e-08,1.2944376708102308,0.21283719999999995,True,6.124041377309917e-07,9208.0,aspartic peptidase retroviral like 1,cg09948350,0
207,10175,cg10296238,0.0004240991488583518,1.5641848806256546,0.20637109999999992,True,0.0012715569853810646,9526.0,spermatogenesis and centriole associated 1 like,cg10296238,1
208,10191,cg10313673,1.0520363493609152e-11,1.788621335065926,0.228009,True,3.1528214146858276e-10,9542.0,cartilage intermediate layer protein 2,cg10313673,1
215,10591,cg10732834,4.736846590521384e-08,1.6809064620820855,0.28584694999999993,True,5.214326799726183e-07,9922.0,ectopic P-granules autophagy protein 5 homolog,cg10732834,0
216,10640,cg10784813,4.636243734688681e-18,1.6735820749464307,0.24951585,True,7.363319818167989e-16,,,,1
217,10646,cg10791260,7.113299399089709e-08,1.5008214244178564,0.2256495000000001,True,7.394817037055953e-07,9975.0,TNF superfamily member 15,cg10791260,1
218,10648,cg10792326,4.6691278229166115e-23,3.404443449046564,0.203336485,True,2.5154697267148394e-20,9976.0,dynein light chain LC8-type 1,cg10792326,1
220,10762,cg10907112,0.0001877189250653407,1.3792256178312734,0.2032963499999999,True,0.000643433780575761,10079.0,POF1B actin binding protein,cg10907112,2
223,10979,cg11105610,1.0608687870451558e-09,1.818305603005104,0.20649455,True,1.9088690761527638e-08,10288.0,galectin 3 binding protein,cg11105610,0
245,12176,cg12302621,5.836610259455198e-06,1.5338603170935128,0.23286955,True,3.356697029786563e-05,11397.0,solute carrier family 28 member 1,cg12302621,0
247,12294,cg12428447,3.607206157254481e-08,1.70409741920278,0.23092444999999995,True,4.1365440891788027e-07,11508.0,solute carrier family 22 member 6,cg12428447,0
261,12624,cg12731488,2.1687392084930452e-05,1.3408499766187814,0.2181953,True,0.00010323679572514711,11818.0,synaptotagmin like 5,cg12731488,2
263,12768,cg12872238,4.3069956419155514e-07,1.410303783756338,0.2125286,True,3.5230429371024615e-06,11956.0,transient receptor potential cation channel subfamily C member 5,cg12872238,1
270,13145,cg13277939,1.3698502626678273e-07,1.4878396015869977,0.21964799999999984,True,1.2956284274375637e-06,,,,1
273,13481,cg13599477,1.7764253182581046e-13,1.9316759207270155,0.23744795,True,8.372051808655176e-12,12625.0,neuroepithelial cell transforming 1,cg13599477,1
276,13603,cg13718960,4.660358285118498e-08,1.7556602755568642,0.2576996500000001,True,5.142490130197423e-07,12738.0,"ribonuclease A family member 1, pancreatic",cg13718960,0
281,13766,cg13870494,9.232981058166792e-07,1.7492838201744343,0.2184906,True,6.810345974609148e-06,12891.0,MAM domain containing 2,cg13870494,1
287,14176,cg14260458,8.878092380488882e-07,1.9474954378422336,0.3280656999999999,True,6.58570373235185e-06,13277.0,oncomodulin 2,cg14260458,0
289,14213,cg14292823,6.286964331035826e-14,1.629116491690277,0.22647055000000005,True,3.321935229991161e-12,13310.0,tigger transposable element derived 5,cg14292823,1
293,14340,cg14404298,2.0914564130441698e-06,1.6498190056666735,0.20344280000000006,True,1.3823636373538998e-05,13431.0,cytochrome P450 family 8 subfamily B member 1,cg14404298,0
294,14384,cg14448116,1.692632911225049e-06,1.4442455392337477,0.23655995,True,1.1508730974714044e-05,13475.0,ADAM metallopeptidase with thrombospondin type 1 motif 4,cg14448116,0
295,14412,cg14467840,1.4210816400267893e-07,1.3860794977645907,0.2017004,True,1.338554650030033e-06,13502.0,S100 calcium binding protein A1,cg14467840,0
305,14617,cg14674582,0.03614395308280857,1.6621348040795056,0.32727379999999995,True,0.049250706948187284,13694.0,placenta enriched 1,cg14674582,2
306,14620,cg14679230,2.7364672552686245e-06,1.8237287783009424,0.28906315000000005,True,1.741249983922203e-05,13697.0,"lipase E, hormone sensitive type",cg14679230,0
307,14675,cg14727512,7.83295494227845e-07,1.6047465420613245,0.2863962000000001,True,5.907720834313552e-06,13750.0,testis specific serine kinase 2,cg14727512,0
309,14696,cg14754581,9.171804094152264e-07,1.5238468410754618,0.25324595000000005,True,6.768855473836359e-06,13770.0,C-C motif chemokine receptor like 2,cg14754581,1
312,14759,cg14818279,4.7780192000517825e-09,1.7037606686739561,0.31098445,True,7.042964353037702e-08,13829.0,SH3 domain and tetratricopeptide repeats 2,cg14818279,0
317,14969,cg15032239,1.9853900251404742e-16,2.563801978850696,0.21144925,True,2.11922812277086e-14,14030.0,cytoplasmic FMR1 interacting protein 1,cg15032239,1
318,15159,cg15227610,0.0009463474565588232,1.826285977747864,0.2833387500000002,True,0.002486531920244442,14202.0,crystallin alpha B,cg15227610,0
323,15451,cg15518950,1.2006200375532098e-15,1.4849399442300526,0.20112374999999996,True,1.0150226508249843e-13,14484.0,transmembrane protein 171,cg15518950,1
324,15454,cg15521097,0.0086376699237728,1.7960658364542614,0.37161009999999994,True,0.014994226612685206,14487.0,inter-alpha-trypsin inhibitor heavy chain family member 6,cg15521097,2
326,15474,cg15538820,2.268536742222163e-09,1.4945532647426922,0.23727134999999994,True,3.6838247948756586e-08,14505.0,odorant binding protein 2B,cg15538820,0
328,15811,cg15812957,0.0033480966995356816,1.3688141335095885,0.2648550000000001,True,0.006950159029649621,14822.0,variable charge Y-linked,cg15812957,2
329,15823,cg15820955,1.095652431324315e-09,1.5987354599617645,0.24531515000000004,True,1.9560848734936243e-08,14833.0,histone deacetylase 7,cg15820955,0
332,16003,cg15988232,3.613342728660789e-14,1.4808017251468444,0.20458949999999987,True,2.0470145322202855e-12,15008.0,chondroitin sulfate proteoglycan 5,cg15988232,1
333,16090,cg16076328,3.504207377408409e-09,1.3818401055935277,0.21248389999999995,True,5.37886044143427e-08,15090.0,epithelial cell adhesion molecule,cg16076328,1
334,16178,cg16177830,4.525506355778315e-09,1.4990403675948911,0.2137595,True,6.721233115208918e-08,15171.0,TNF receptor superfamily member 17,cg16177830,0
335,16194,cg16193203,6.611921827642429e-10,2.1167372782273652,0.2925156499999999,True,1.256356598452997e-08,15185.0,ubiquitin specific peptidase 54,cg16193203,0
337,16218,cg16219122,0.0002358255572803332,1.3579654171171158,0.20953205,True,0.0007783922258093205,15209.0,ATP binding cassette subfamily B member 1,cg16219122,1
341,16249,cg16245261,2.6636063697090658e-11,1.6536466761680169,0.2559867,True,7.246064219220425e-10,15240.0,caveolae associated protein 3,cg16245261,1
344,16353,cg16342780,9.210423776346225e-05,1.5516182531589198,0.2521810000000001,True,0.00035387632275295206,15339.0,plexin B3,cg16342780,0
346,16383,cg16372520,3.970139371246525e-05,1.4929115398286306,0.2118259,True,0.0001725459496431027,15369.0,neurexin 3,cg16372520,1
348,16450,cg16440909,0.0002922572231990397,1.541085817597996,0.30267575,True,0.0009300508993070203,15435.0,mastermind like domain containing 1,cg16440909,2
352,16567,cg16561743,0.009437421438636366,1.3571140066630425,0.22028590000000006,True,0.016111755402508563,15537.0,BCLAF1 and THRAP3 family member 3,cg16561743,2
354,16706,cg16729794,3.159717571390768e-05,1.5349215315508151,0.2422822499999999,True,0.00014241535431681882,15671.0,myelin associated oligodendrocyte basic protein,cg16729794,0
355,16749,cg16773028,2.956031039386081e-09,1.8966213377870769,0.22091360000000004,True,4.622647059656913e-08,15712.0,potassium voltage-gated channel subfamily A member 2,cg16773028,1
356,16816,cg16842214,1.3642501531569113e-15,1.4373495251151218,0.23944705,True,1.1256497660101891e-13,15770.0,kelch like family member 40,cg16842214,1
357,16834,cg16863382,1.751525909527908e-07,1.432265339381104,0.2526075000000001,True,1.6057699663059327e-06,15787.0,chymotrypsinogen B1,cg16863382,0
358,16942,cg16983159,3.491006355497221e-07,1.3830961435527935,0.20745340000000007,True,2.9207944769683814e-06,15884.0,stimulator of interferon response cGAMP interactor 1,cg16983159,1
360,16992,cg17032587,2.5692842495029928e-05,1.4247601737771578,0.2413434000000001,True,0.00011930649660190001,15933.0,cyclic nucleotide gated channel subunit alpha 2,cg17032587,2
361,17082,cg17124700,6.0256704277595075e-06,1.4979506871841246,0.24491594999999994,True,3.4456050088058325e-05,16022.0,regulator of G protein signaling 8,cg17124700,0
362,17100,cg17142149,1.2159664855650786e-15,1.5231085456085438,0.2275580500000001,True,1.0217093320301559e-13,16040.0,regulator of calcineurin 2,cg17142149,0
363,17168,cg17200465,2.0694737307978425e-10,1.9023534189090547,0.2953234,True,4.418093257762356e-09,16105.0,ectonucleoside triphosphate diphosphohydrolase 3,cg17200465,1
367,17267,cg17306637,7.119864740675032e-06,1.747085024706169,0.31139165,True,3.9833325060564894e-05,16193.0,claudin 20,cg17306637,0
369,17439,cg17484237,2.1017682531508232e-07,1.676362059640249,0.2238427000000001,True,1.8828883118217158e-06,16360.0,hepatitis A virus cellular receptor 2,cg17484237,0
370,17458,cg17504145,2.882301680214501e-08,1.4184019653278666,0.22173095,True,3.394518686908428e-07,16377.0,crystallin beta B2,cg17504145,0
372,17517,cg17568996,3.6003270958659464e-10,1.6398238732675332,0.2209073499999999,True,7.279071912142218e-09,16431.0,NFAT activating protein with ITAM motif 1,cg17568996,1
373,17589,cg17655614,2.777911153225531e-32,1.8309466510558343,0.20347615,True,2.544196228200823e-28,16499.0,cadherin 1,cg17655614,1
376,17847,cg17895149,1.3025427117422978e-05,1.54287993691919,0.23394829999999997,True,6.683223818455906e-05,16745.0,PLAG1 like zinc finger 1,cg17895149,1
377,17859,cg17904739,1.8216510037733909e-09,1.542776041321406,0.23908655,True,3.033435332101678e-08,16756.0,calcium release activated channel regulator 2A,cg17904739,1
379,18021,cg18085517,1.2153930409945844e-06,1.7087209049031655,0.20578444999999995,True,8.622046852000728e-06,16910.0,transient receptor potential cation channel subfamily M member 1,cg18085517,0
380,18038,cg18105675,2.7617549768636406e-08,1.5612169466349042,0.2262011,True,3.2707749889786807e-07,16927.0,collectin subfamily member 11,cg18105675,1
387,18336,cg18403361,4.212431652135551e-07,1.3639766716213997,0.2150186000000001,True,3.4559800559592832e-06,17210.0,C-type lectin domain containing 14A,cg18403361,1
390,18411,cg18473117,3.233919598607312e-06,1.9129201364915007,0.2833506000000001,True,2.013030695317954e-05,17283.0,coiled-coil domain containing 22,cg18473117,1
406,19141,cg19223616,0.0012083167922938072,1.4863042259671673,0.29132219999999986,True,0.003036651622159028,17968.0,chloride voltage-gated channel 5,cg19223616,2
407,19179,cg19257200,7.973469885046341e-07,1.5225161042981523,0.22358775000000006,True,6.003810867676988e-06,18003.0,SRY-box transcription factor 10,cg19257200,0
408,19295,cg19382714,2.409580355938518e-06,1.554137710336636,0.24671199999999996,True,1.562190416700489e-05,18113.0,myelin oligodendrocyte glycoprotein,cg19382714,0
411,19326,cg19407886,0.0012711665935537745,1.3704072257038027,0.2175332000000001,True,0.0031639254755397687,18140.0,solute carrier family 38 member 5,cg19407886,1
414,19527,cg19612574,5.309852734995521e-07,1.6153132479259467,0.27344250000000003,True,4.22267767718486e-06,18327.0,mitogen-activated protein kinase 8,cg19612574,0
415,19532,cg19618706,0.003603032040684581,2.064675248887197,0.2660006999999999,True,0.007381916034127231,18330.0,biglycan,cg19618706,0
416,19587,cg19688503,0.001231613841331556,1.4407506188000077,0.23544865000000004,True,0.003082512470798491,18380.0,calpain 6,cg19688503,2
422,19926,cg20022541,0.02103490112074989,1.5414067649136527,0.31457295,True,0.03118686289627261,18692.0,family with sequence similarity 181 member A,cg20022541,1
426,20165,cg20286074,1.6954437991897217e-07,1.5320003674974103,0.22061885000000006,True,1.5585150159430174e-06,,,,1
427,20171,cg20289949,5.856841285197697e-10,1.5046139034681132,0.21395409999999992,True,1.125332665399244e-08,18924.0,"3-hydroxyanthranilate 3,4-dioxygenase",cg20289949,1
434,20506,cg20641280,5.09602799524201e-09,2.2898828039169485,0.36543315,True,7.455722321473349e-08,19241.0,L antigen family member 3,cg20641280,1
435,20566,cg20692569,3.113680754024994e-25,3.2186165023429067,0.2401466,True,3.7196301042430753e-22,19298.0,frizzled class receptor 9,cg20692569,1
439,20712,cg20847746,2.009705197217074e-09,1.6650221545031283,0.2572046999999999,True,3.3065065867506775e-08,19435.0,S100 calcium binding protein A1,cg20847746,0
445,21013,cg21129531,7.119482971473954e-07,1.5949733377937565,0.2164466,True,5.432238659378461e-06,19726.0,leucine rich repeat containing 4,cg21129531,1
447,21046,cg21166999,1.0616050626171264e-08,1.432643158600153,0.22615240000000006,True,1.42216775721444e-07,19759.0,"ROS proto-oncogene 1, receptor tyrosine kinase",cg21166999,0
450,21246,cg21355508,0.012078342466959088,1.5455555712310782,0.2184856500000001,True,0.019698731977335307,19946.0,RNA binding motif protein 10,cg21355508,1
456,21437,cg21537939,8.74140014055444e-12,1.3313293236044486,0.2067464000000001,True,2.689571223537221e-10,20132.0,septin 10,cg21537939,1
457,21562,cg21649520,2.0788002081007843e-08,1.8219730227811841,0.279588,True,2.556719539739353e-07,20246.0,peripheral myelin protein 2,cg21649520,0
458,21574,cg21660392,2.821137421045138e-09,1.325448869430188,0.2066703,True,4.457364679737562e-08,20258.0,ATP binding cassette subfamily A member 8,cg21660392,0
461,21712,cg21807589,0.00014484334392892852,1.5600324660445164,0.2511224500000001,True,0.0005179223995043259,20389.0,cytochrome b-245 beta chain,cg21807589,2
467,21902,cg22021786,0.0003424318842829589,1.3733258196126763,0.21616670000000004,True,0.0010608477226923642,20568.0,WAP four-disulfide core domain 8,cg22021786,0
468,22289,cg22407458,6.70005827222874e-16,1.4252167610775857,0.23104225,True,6.016039251233884e-14,20928.0,t-complex 11,cg22407458,1
469,22398,cg22502502,2.4431927877494937e-12,1.3884000224560271,0.20236350000000006,True,8.65066559744911e-11,21031.0,tripartite motif containing 38,cg22502502,1
472,22502,cg22627427,2.7459800038844585e-08,1.6901002152889868,0.34517995,True,3.2534948937787573e-07,21125.0,myelin regulatory factor,cg22627427,0
473,22607,cg22736354,6.408282419450955e-33,6.114086484413227,0.2561353650000001,True,8.803698387841721e-29,21223.0,NHL repeat containing E3 ubiquitin protein ligase 1,cg22736354,1
474,22687,cg22809047,1.1620336401966895e-18,2.4292767642794555,0.3637638,True,2.1285357532029493e-16,21299.0,ribosomal protein L31,cg22809047,1
482,23241,cg23352695,1.1744063498582553e-05,1.5780341192346798,0.21252039999999997,True,6.113677315025658e-05,21815.0,ecotropic viral integration site 2A,cg23352695,0
483,23290,cg23412777,9.665140775900265e-07,1.378885938514525,0.2009981,True,7.091038930804691e-06,21859.0,pygopus family PHD finger 1,cg23412777,0
485,23406,cg23539753,0.00017055690003026254,1.392318557161759,0.21827865,True,0.0005941703290517933,21967.0,SP100 nuclear antigen,cg23539753,1
489,23669,cg23812886,8.594612882952545e-05,1.4023005287930703,0.2477094499999999,True,0.0003331625050395092,22214.0,SSX family member 5,cg23812886,2
490,23744,cg23881725,3.047067510441629e-19,1.9341243902893612,0.21300675000000008,True,6.644541818801127e-17,,,,1
498,24029,cg24169915,5.337221862283108e-08,1.3960361599770008,0.20277590000000006,True,5.796265133916627e-07,22549.0,chromosome 14 open reading frame 177,cg24169915,1
499,24040,cg24183173,8.031782533693193e-05,1.5218749742008255,0.3350322000000001,True,0.0003144951644516947,,,,2
500,24185,cg24335895,2.2810081062558567e-06,2.034048379388567,0.23140704999999995,True,1.4904394465513893e-05,22698.0,cytochrome c oxidase subunit 7A1,cg24335895,1
503,24208,cg24352688,0.004397301116906402,1.914620687391814,0.21737735,True,0.008680238917172232,22719.0,OFD1 centriole and centriolar satellite protein,cg24352688,0
507,24595,cg24715735,3.447756391901507e-05,1.5846372950143857,0.22247545,True,0.0001530380527041774,23080.0,hepsin,cg24715735,0
508,24625,cg24750391,2.315850811365902e-06,1.4714626756571465,0.20252409999999987,True,1.5095239616571973e-05,23108.0,paraoxonase 3,cg24750391,1
515,25171,cg25274750,1.4650413479765925e-08,1.6628825282050916,0.27832515,True,1.8836441776792164e-07,23613.0,homeodomain interacting protein kinase 2,cg25274750,0
520,25350,cg25456959,3.360604719289697e-05,1.5000864627807153,0.25072925,True,0.00014989606374546057,23783.0,ankyrin repeat and SOCS box containing 12,cg25456959,2
521,25358,cg25462291,1.8641460533419284e-23,2.8509608577535275,0.3418572,True,1.1911459758516937e-20,23791.0,hes related family bHLH transcription factor with YRPW motif like,cg25462291,1
522,25492,cg25589890,4.711908247330967e-19,3.364828068344043,0.27365885,True,9.449955547712821e-17,23919.0,UL16 binding protein 1,cg25589890,1
526,25767,cg25892041,7.247363133647095e-08,1.446372049931402,0.2362728499999999,True,7.514284885286323e-07,24176.0,UDP glycosyltransferase 8,cg25892041,0
530,25812,cg25934198,1.8373518602522968e-07,1.3863811586785433,0.22421660000000002,True,1.6766217108034575e-06,24218.0,chromosome 9 open reading frame 139,cg25934198,0
532,25821,cg25943276,2.1941333011416186e-08,1.3542845391778748,0.2053585,True,2.673437098987455e-07,,,,0
535,26102,cg26218269,5.024286020286702e-15,1.4474571088534929,0.2069173,True,3.623288259669224e-13,24487.0,mab-21 like 2,cg26218269,1
539,26210,cg26322315,7.42325474848686e-07,1.4711273852006883,0.21230305000000005,True,5.642084300675655e-06,24589.0,replication protein A3,cg26322315,0
541,26303,cg26418544,0.010374413133154587,1.4725046180022632,0.2258285499999999,True,0.017397628923716664,24677.0,ubiquitin specific peptidase 26,cg26418544,2
542,26304,cg26420196,7.792353595276283e-17,1.849956636431174,0.21188365,True,9.390469622096979e-15,24678.0,growth arrest specific 6,cg26420196,1
543,26405,cg26537639,2.385288113164496e-07,2.0255130353696416,0.2405167,True,2.0952102364868188e-06,24776.0,cytochrome b-245 alpha chain,cg26537639,1
544,26416,cg26545968,0.024043008519984102,1.3222670416786293,0.20148925000000006,True,0.0348475867539739,24786.0,pyrimidinergic receptor P2Y4,cg26545968,2
553,26883,cg27032184,2.295223257615202e-23,2.031145166649046,0.2189595,True,1.4248095980154035e-20,25226.0,tRNA 5-methylaminomethyl-2-thiouridylate methyltransferase,cg27032184,1
554,26945,cg27089714,1.5758438574266653e-07,1.7946670451477773,0.23431775,True,1.462766413062671e-06,25284.0,WASH complex subunit 5,cg27089714,0
555,26970,cg27117399,2.398931436105786e-07,1.8455289290263,0.30544555,True,2.105847927745769e-06,25309.0,carnosine dipeptidase 1,cg27117399,0
558,27106,cg27269917,8.964011640131958e-07,1.6791266214877003,0.2351543500000001,True,6.633320329228809e-06,25436.0,solute carrier family 5 member 10,cg27269917,0
560,27273,cg27442349,7.178871999944456e-08,1.610532488907627,0.27203200000000005,True,7.446081052113018e-07,25592.0,NFKB inhibitor beta,cg27442349,0
562,27352,cg27525902,1.1096077613324127e-05,1.3889920640247264,0.22372015,True,5.8204625525714716e-05,25668.0,fibroblast growth factor 7,cg27525902,0
