,Unnamed: 0_x,Reporter Identifier,p,fold_change,Rejection on 0.05,qval,Unnamed: 0_y,UCSC_RefGene_Name,Name,cluster
4,64,cg00059225,1.7359795993019172e-22,2.2856389699810506,True,5.611502996519939e-20,59.0,glycine receptor alpha 1,cg00059225,0
12,138,cg00128877,7.3014056796135e-24,2.262314945146309,True,3.343557040884342e-21,125.0,MAPK interacting serine/threonine kinase 1,cg00128877,0
18,176,cg00164898,3.0001219696013534e-13,2.4511101724066218,True,1.1020234122562403e-11,,,,0
31,299,cg00282347,2.461814133312087e-15,2.2545177106216467,True,1.537291025610975e-13,275.0,chromodomain helicase DNA binding protein 5,cg00282347,0
44,462,cg00453193,2.445668918799789e-16,2.4517850844230837,True,1.9477449047229858e-14,424.0,testin LIM domain protein,cg00453193,0
45,467,cg00462994,2.107838141376964e-14,2.1695606860879657,True,1.041635985116429e-12,429.0,N-acetylglutamate synthase,cg00462994,0
47,478,cg00468146,1.4609138837155563e-19,2.091090649970979,True,2.5730814018569633e-17,440.0,"inhibitor of DNA binding 4, HLH protein",cg00468146,0
48,499,cg00489401,5.358229023665752e-10,2.388781573121059,True,8.37920891600684e-09,461.0,fms related tyrosine kinase 4,cg00489401,0
50,519,cg00509616,9.186694396580413e-14,2.0685088702568075,True,3.81289449003691e-12,478.0,GRINL1A complex locus 1,cg00509616,0
56,556,cg00540769,1.3211899515755822e-19,2.0050299120090105,True,2.3726153666333787e-17,515.0,acyl-CoA thioesterase 12,cg00540769,0
58,566,cg00548268,1.1102234307570081e-28,2.186857989351761,True,2.1886915359858857e-25,523.0,neuronal pentraxin 2,cg00548268,0
60,583,cg00565688,1.6375183173741467e-21,4.1453110245802005,True,4.05337417010559e-19,540.0,tumor protein p73,cg00565688,0
66,650,cg00634577,2.360499627040721e-26,3.0496649192114926,True,2.161902925085695e-23,610.0,H4 clustered histone 12,cg00634577,0
79,768,cg00747849,2.734409003954859e-13,2.0779099069572857,True,1.018030105591649e-11,719.0,solute carrier family 25 member 1,cg00747849,0
92,951,cg00930873,1.4770767931851268e-13,2.210736816340995,True,5.831057754246342e-12,896.0,aldehyde dehydrogenase 1 family member A2,cg00930873,0
94,961,cg00940891,4.092789741676025e-17,2.9649475703731056,True,4.089217852446926e-15,906.0,fibroblast growth factor receptor like 1,cg00940891,0
95,972,cg00948524,2.329800545946548e-10,2.087426083644241,True,4.0234820741940515e-09,916.0,ring finger protein 135,cg00948524,0
102,1037,cg01031400,6.682809724577339e-18,2.0936078535381,True,7.948782683657443e-16,972.0,TNF receptor superfamily member 10d,cg01031400,0
130,1284,cg01288598,4.623608044879608e-18,2.365819360966501,True,5.768457188793667e-16,1205.0,CD83 molecule,cg01288598,0
132,1292,cg01295203,1.4173734807946364e-11,2.8891994179918097,True,3.455488900335722e-10,1213.0,PR/SET domain 14,cg01295203,0
156,1544,cg01535453,2.7166877482826023e-12,2.01008048136843,True,7.915558067000295e-11,1445.0,acyl-CoA dehydrogenase short chain,cg01535453,0
159,1551,cg01543654,3.13294407951685e-07,2.115559596018264,True,2.1650093442858394e-06,1452.0,PRAC1 small nuclear protein,cg01543654,0
163,1620,cg01615704,3.6660469223476343e-19,2.480320403242894,True,5.723199161274068e-17,1516.0,"mal, T cell differentiation protein like",cg01615704,0
169,1676,cg01663968,2.131482150939714e-08,2.037071767732488,True,2.0701521236910422e-07,,,,0
170,1680,cg01667702,3.0016001346536956e-17,2.1890899311624965,True,3.100449823298682e-15,1572.0,trafficking protein particle complex 1,cg01667702,0
181,1770,cg01765461,3.313247191331761e-16,2.26525915549496,True,2.5499938327459794e-14,1653.0,TNF receptor superfamily member 11a,cg01765461,0
185,1801,cg01794265,4.0414118597477634e-11,2.2341597004160065,True,8.62126026851161e-10,1682.0,OTU deubiquitinase with linear linkage specificity like,cg01794265,0
189,1821,cg01805282,1.1724245849406184e-18,2.5964638219886167,True,1.6269463583751734e-16,,,,0
199,1958,cg01947224,3.457142136046737e-11,2.3823559774602385,True,7.52085806255108e-10,1829.0,zinc finger protein 416,cg01947224,0
201,1976,cg01968178,5.785543470583714e-13,2.0345521657367884,True,1.9870449049719767e-11,1847.0,receptor accessory protein 1,cg01968178,0
209,2080,cg02065795,1.868300942682468e-06,2.099846225121877,True,9.998721601313496e-06,1946.0,PCNA clamp associated factor,cg02065795,0
213,2101,cg02092706,7.758721792976145e-15,2.587916140963707,True,4.3505844894655624e-13,,,,0
221,2170,cg02164046,4.534010191689369e-11,2.0885687953361467,True,9.52391599044999e-10,2031.0,somatostatin,cg02164046,0
230,2266,cg02250594,1.629122311299607e-14,2.304342629431336,True,8.413865531065415e-13,2123.0,one cut homeobox 2,cg02250594,0
233,2281,cg02260587,5.151762028273007e-15,2.191882605103296,True,2.992596479679263e-13,2136.0,protocadherin beta 2,cg02260587,0
236,2305,cg02282237,4.531252311887415e-08,2.136815028941531,True,4.0019507721446036e-07,2158.0,protein kinase C eta,cg02282237,0
239,2354,cg02331561,6.2377300116422864e-24,4.239122685985657,True,2.954963272411784e-21,2203.0,ATP binding cassette subfamily A member 3,cg02331561,0
244,2391,cg02376703,4.0496770369950796e-11,2.0297391175085395,True,8.625498160347039e-10,2237.0,EPH receptor A1,cg02376703,0
245,2398,cg02387679,3.6703048996446e-11,2.215484480160743,True,7.897047566377059e-10,2242.0,IQ motif containing GTPase activating protein 2,cg02387679,0
248,2416,cg02409351,6.402165606062562e-19,2.2856510687523466,True,9.50842714552297e-17,2258.0,ALX homeobox 1,cg02409351,0
251,2440,cg02440177,7.068663119162496e-20,3.0235753255089066,True,1.3394385369800603e-17,,,,0
259,2479,cg02497758,1.1744566186471436e-15,2.3517365772340657,True,7.9285921508474e-14,2317.0,MAF bZIP transcription factor B,cg02497758,0
260,2486,cg02503850,0.004993949550190085,2.3033307989833416,True,0.00734627678771939,2324.0,ADAM metallopeptidase with thrombospondin type 1 motif 14,cg02503850,0
267,2579,cg02599464,1.7752653322517718e-11,2.3298616193865094,True,4.1654304243338756e-10,2408.0,H4 clustered histone 9,cg02599464,0
269,2598,cg02613386,4.3863475815940075e-15,2.0267815291211804,True,2.580712765564817e-13,2426.0,F-box protein 39,cg02613386,0
281,2721,cg02732509,3.4518974508025804e-18,2.1342766797445907,True,4.390941405474616e-16,2541.0,CTD small phosphatase 2,cg02732509,0
285,2758,cg02774439,2.1008882118286983e-17,2.3281566471255304,True,2.2373645158219115e-15,2577.0,heart and neural crest derivatives expressed 2,cg02774439,0
295,2890,cg02909790,1.0889124688692994e-14,2.446909183049095,True,5.936301387827951e-13,2704.0,H3 clustered histone 8,cg02909790,0
297,2927,cg02940164,1.3356608842685619e-09,2.217469758312247,True,1.846006964595725e-08,2740.0,post-GPI attachment to proteins 2,cg02940164,0
298,2951,cg02962602,0.001903831338413138,2.026329219458224,True,0.0033711200524740204,2761.0,coiled-coil domain containing 57,cg02962602,0
302,2989,cg02994956,3.0382215665320035e-20,2.19963329140586,True,6.183568574965431e-18,2797.0,neurofilament heavy,cg02994956,0
309,3069,cg03070194,1.5619295803052307e-11,2.8126135306032345,True,3.7317893172579586e-10,2870.0,glutathione S-transferase mu 2,cg03070194,0
316,3129,cg03127334,5.043942490811835e-10,2.2316642390176367,True,7.960216190554047e-09,2924.0,ETS transcription factor ERG,cg03127334,0
323,3169,cg03160135,1.1606333547574922e-30,2.6393448542364677,True,4.555651722188122e-27,2963.0,vestigial like family member 2,cg03160135,0
326,3174,cg03160815,3.187905221085134e-06,2.0024984193121806,True,1.5624488736092603e-05,2968.0,neuropeptide B,cg03160815,0
332,3208,cg03199651,1.4605440477768088e-17,2.476948117196725,True,1.631297083606325e-15,,,,0
336,3249,cg03251079,2.162624194729887e-17,2.2277696349690967,True,2.2942186244941456e-15,3034.0,high mobility group AT-hook 2,cg03251079,0
346,3360,cg03365437,2.6817056125884925e-20,2.0275063776825046,True,5.498697269513539e-18,3133.0,aldehyde dehydrogenase 1 family member A2,cg03365437,0
352,3450,cg03451296,1.3855247066611938e-14,3.574119924853284,True,7.391976085480187e-13,3217.0,cysteine rich protein 2,cg03451296,0
354,3483,cg03483626,1.0539760198695783e-12,2.4563616897937623,True,3.3595179955842845e-11,3249.0,potassium voltage-gated channel subfamily A member 3,cg03483626,0
368,3662,cg03664992,2.837921645115631e-30,3.5118174370367123,True,7.797473512119707e-27,3414.0,bone morphogenetic protein 8a,cg03664992,0
370,3682,cg03688818,1.3362005909166286e-12,2.29032203718995,True,4.1476548599776396e-11,3433.0,acylaminoacyl-peptide hydrolase,cg03688818,0
374,3736,cg03734874,0.000535246644800839,2.1402117714810918,True,0.001207226794659978,3485.0,transmembrane protein 179,cg03734874,0
381,3773,cg03766998,3.024305016577074e-16,2.109696802191459,True,2.360676268053173e-14,3522.0,AFG3 like matrix AAA peptidase subunit 2,cg03766998,0
385,3804,cg03794550,6.121273146947629e-15,2.145668862442079,True,3.5333634660826273e-13,,,,0
390,3838,cg03826976,5.192707569853675e-11,2.161328410577401,True,1.072743106686463e-09,3581.0,cytochrome b5 reductase 2,cg03826976,0
399,3914,cg03890877,5.70055789412624e-14,2.622716675054399,True,2.486167122206549e-12,3650.0,twinfilin actin binding protein 2,cg03890877,0
403,3990,cg03963198,5.061802497754434e-16,2.2003808845861283,True,3.6696064756807605e-14,3724.0,iroquois homeobox 4,cg03963198,0
404,4003,cg03975694,3.289766667542611e-23,2.4051506070521333,True,1.2730933655971942e-20,3736.0,zinc finger protein 540,cg03975694,0
405,4018,cg03991512,7.199951562125908e-09,2.1311783995329776,True,8.009144498824755e-08,3751.0,lactate dehydrogenase D,cg03991512,0
415,4074,cg04041960,7.874639755744908e-25,2.5922583420676086,True,4.91735458929198e-22,3805.0,regulator of G protein signaling 10,cg04041960,0
418,4112,cg04084157,3.936827091862281e-23,2.4252948706648825,True,1.481757002411069e-20,3839.0,VGF nerve growth factor inducible,cg04084157,0
442,4325,cg04317399,2.760644746175512e-08,2.0127423938331632,True,2.598543167040711e-07,4040.0,homeobox A4,cg04317399,0
446,4341,cg04330449,1.849829918236289e-14,2.1929447750147597,True,9.429671026616008e-13,,,,0
461,4550,cg04528819,3.6054163183664367e-20,3.3448332665945744,True,7.284001379664428e-18,4245.0,Kruppel like factor 14,cg04528819,0
473,4630,cg04598121,1.276027691473541e-12,2.0834413919694312,True,3.9795842055535774e-11,4318.0,proenkephalin,cg04598121,0
474,4635,cg04600618,4.335862748319923e-18,3.005249796891833,True,5.439824880038275e-16,4323.0,radial spoke head component 9,cg04600618,0
476,4651,cg04619381,1.6959146211224925e-18,2.0548527763766917,True,2.261987870386486e-16,4339.0,proline rich 15,cg04619381,0
480,4673,cg04640886,3.3157140937850737e-08,2.4796805320288158,True,3.0540583453180917e-07,,,,0
481,4699,cg04676561,4.867516468724276e-20,2.683951719780638,True,9.621574280191957e-18,4383.0,"H1.5 linker histone, cluster member",cg04676561,0
488,4778,cg04747322,3.4786098678131553e-15,2.36494595192035,True,2.0868621119658136e-13,4454.0,synuclein alpha interacting protein,cg04747322,0
492,4817,cg04786857,2.672233626354714e-30,4.685898581829074,True,7.797473512119707e-27,4489.0,speedy/RINGO cell cycle regulator family member A,cg04786857,0
506,4955,cg04943986,2.62727778763138e-21,2.4488810433799992,True,6.388237565748655e-19,4618.0,nuclear receptor subfamily 2 group F member 2,cg04943986,0
511,4988,cg04970352,2.776806961982309e-10,2.7189071105331912,True,4.703794579989268e-09,,,,0
521,5090,cg05073035,8.462405434294461e-13,2.142187326851225,True,2.770839091066956e-11,4742.0,Zic family member 1,cg05073035,0
528,5162,cg05158615,3.6321414329991385e-14,2.116889300099757,True,1.6800794278297026e-12,4814.0,neuropeptide Y,cg05158615,0
535,5213,cg05221167,2.5879801523983808e-11,2.421659581804732,True,5.828470710434256e-10,4859.0,zinc finger protein 560,cg05221167,0
539,5261,cg05266781,2.236805478405405e-22,3.4966045096522405,True,6.983916741439421e-20,4903.0,iroquois homeobox 5,cg05266781,0
549,5323,cg05345286,1.214675903009868e-06,2.1905509892404225,True,6.939360255898157e-06,4962.0,MyoD family inhibitor,cg05345286,0
552,5339,cg05361373,1.300174234097183e-16,2.5770819528421947,True,1.10599341350013e-14,4977.0,PYD and CARD domain containing,cg05361373,0
560,5449,cg05469695,9.077439042441304e-14,2.090383760914739,True,3.7732483378232565e-12,5081.0,CDC42 effector protein 3,cg05469695,0
563,5460,cg05477024,2.483496160599496e-16,2.0782713096799306,True,1.9664709080297337e-14,5092.0,mitogen-activated protein kinase kinase kinase 21,cg05477024,0
569,5495,cg05508084,2.0744315391093484e-14,2.510351015356884,True,1.031377452219199e-12,5125.0,zinc finger protein 667,cg05508084,0
571,5503,cg05516537,3.7667057653580574e-12,2.1912509196392564,True,1.0560613021324284e-10,5133.0,transcription factor Dp-1,cg05516537,0
584,5647,cg05675373,1.7216862171144958e-23,3.5411759573425674,True,7.277700077144291e-21,5268.0,potassium voltage-gated channel subfamily C member 4,cg05675373,0
596,5799,cg05839235,5.123907645547394e-20,2.2332791794708857,True,1.0056034747790013e-17,5413.0,natriuretic peptide receptor 3,cg05839235,0
600,5845,cg05885123,1.49145465438931e-18,2.472329726749234,True,2.0186802011822996e-16,5458.0,cysteine rich protein 3,cg05885123,0
615,6052,cg06121469,1.1701734467468772e-12,2.8276199595076625,True,3.691353113985901e-11,5651.0,"SPG11 vesicle trafficking associated, spatacsin",cg06121469,0
617,6071,cg06144905,3.438584459963784e-25,2.1423398990332294,True,2.4225268364606397e-22,5669.0,pipecolic acid and sarcosine oxidase,cg06144905,0
619,6084,cg06156376,5.1425871273667195e-28,2.637785480459236,True,7.0648861955764e-25,5682.0,short stature homeobox 2,cg06156376,0
623,6151,cg06220235,3.4192309601197847e-22,3.3572783207462247,True,9.786123943776167e-20,,,,0
624,6163,cg06230736,3.747800706095446e-27,2.7635110616178196,True,4.29060717502827e-24,5752.0,GATA binding protein 3,cg06230736,0
633,6234,cg06291867,1.5067805389030468e-28,3.2334751489742217,True,2.559215872578871e-25,5821.0,5-hydroxytryptamine receptor 7,cg06291867,0
635,6238,cg06295856,9.35934639079794e-09,2.1630971212593826,True,1.0072753679340549e-07,5825.0,calcitonin related polypeptide alpha,cg06295856,0
637,6279,cg06336792,2.997622158652573e-22,3.779367274273407,True,8.95246374251501e-20,5864.0,cAMP responsive element modulator,cg06336792,0
638,6287,cg06346081,2.4681267038460015e-14,2.0882055869182667,True,1.198131613336974e-12,5872.0,zinc finger MYND-type containing 12,cg06346081,0
643,6302,cg06361108,3.664923841676385e-08,2.461379634858581,True,3.33324884057929e-07,5887.0,cyclin F,cg06361108,0
655,6398,cg06458239,3.7574528933197554e-25,5.287110885430937,True,2.518043309679356e-22,5976.0,zinc finger protein 549,cg06458239,0
657,6404,cg06462291,1.116903861649263e-25,3.0721867907300897,True,8.768014429335757e-23,5982.0,5'-nucleotidase domain containing 3,cg06462291,0
659,6434,cg06490988,2.765357141334946e-25,2.63257529810183,True,1.9994987582978679e-22,6010.0,GATA binding protein 2,cg06490988,0
662,6439,cg06493386,2.5827409609994647e-19,2.1197827329230168,True,4.1499058856386724e-17,6015.0,transient receptor potential cation channel subfamily A member 1,cg06493386,0
663,6441,cg06493994,2.0079823523945934e-28,3.097569294305004,True,3.0650735063552135e-25,6017.0,"secretagogin, EF-hand calcium binding protein",cg06493994,0
681,6599,cg06637893,4.0111671511494655e-13,2.016827499865145,True,1.4294530304148212e-11,6164.0,enkurin domain containing 1,cg06637893,0
682,6601,cg06638433,1.772773212125455e-19,2.0640071391166432,True,3.0253861351775777e-17,6166.0,insulin like growth factor 2 mRNA binding protein 1,cg06638433,0
702,6767,cg06810647,4.67840373087772e-14,2.079418632317009,True,2.0952326925700708e-12,6323.0,cramped chromatin regulator homolog 1,cg06810647,0
713,6868,cg06908778,1.332399739360265e-22,2.2288691286726623,True,4.4107247275497156e-20,6421.0,sperm associated antigen 6,cg06908778,0
714,6894,cg06940792,4.804674532346234e-09,2.2083535900162827,True,5.636773588844796e-08,6444.0,multiple EGF like domains 10,cg06940792,0
724,6979,cg07027513,7.053024874579992e-18,2.2328904408742374,True,8.352970321291373e-16,6521.0,"beta-1,4-galactosyltransferase 6",cg07027513,0
728,7087,cg07123069,1.1640562659010869e-14,2.2235955512790944,True,6.295986212972099e-13,6622.0,homeobox C11,cg07123069,0
733,7123,cg07160163,4.3484896703574805e-17,2.048631707087589,True,4.2280631936131586e-15,6657.0,spleen associated tyrosine kinase,cg07160163,0
736,7165,cg07215749,7.01369377063333e-16,2.3352848310873995,True,4.891072336089375e-14,,,,0
758,7437,cg07495664,1.1063992679098655e-08,2.021998755240256,True,1.1625019611889662e-07,6949.0,MINDY lysine 48 deubiquitinase 1,cg07495664,0
759,7442,cg07499072,6.758026300761487e-23,2.029312757493733,True,2.443204350522666e-20,6954.0,follistatin,cg07499072,0
779,7618,cg07684796,2.6282815596923267e-26,2.320960599196304,True,2.3295052946485924e-23,7115.0,dickkopf WNT signaling pathway inhibitor 1,cg07684796,0
782,7640,cg07703401,2.4213372975006123e-16,2.225948898396735,True,1.9339727786664775e-14,7134.0,hemoglobin subunit theta 1,cg07703401,0
792,7708,cg07778029,3.4591065208782563e-14,2.147947866477783,True,1.6136232727954324e-12,7199.0,homeobox A9,cg07778029,0
806,7828,cg07903918,0.00957557056603333,2.1042603794892907,True,0.012529090760147235,7313.0,gamma-aminobutyric acid type B receptor subunit 2,cg07903918,0
808,7847,cg07922606,1.2591177959030169e-14,3.191942802994011,True,6.770160579301622e-13,7331.0,H3 clustered histone 6,cg07922606,0
811,7863,cg07935568,6.685761473918326e-27,2.1749985439108337,True,7.065307009899227e-24,7347.0,motilin receptor,cg07935568,0
815,7894,cg07965823,7.120982123330277e-28,3.3090490586607717,True,9.316957372410605e-25,7377.0,isthmin 2,cg07965823,0
817,7922,cg07986525,2.513391015166718e-19,2.3177239532596468,True,4.073120319025301e-17,7404.0,"nuclear factor, erythroid 2 like 3",cg07986525,0
827,8027,cg08097882,1.9793246330116847e-09,2.1674398478986614,True,2.6108460689692295e-08,7505.0,POU class 4 homeobox 1,cg08097882,0
833,8071,cg08145177,1.4622963613835176e-08,2.0284218804514413,True,1.4862954173381315e-07,7548.0,abhydrolase domain containing 8,cg08145177,0
834,8076,cg08149333,1.3421018817992566e-07,2.2954816868665486,True,1.02574662877097e-06,7553.0,solute carrier family 25 member 24,cg08149333,0
842,8125,cg08209133,4.586273030682889e-27,2.2242893520756946,True,5.040497511641722e-24,7598.0,solute carrier family 10 member 4,cg08209133,0
844,8129,cg08211967,8.351238109147393e-24,2.725971952947883,True,3.700945456240867e-21,7602.0,A-kinase anchoring protein 13,cg08211967,0
850,8172,cg08260959,6.411584890315115e-16,2.3092910460488514,True,4.5170437550332846e-14,7644.0,H4 clustered histone 6,cg08260959,0
858,8228,cg08315770,1.1411031848066635e-10,2.038197470038858,True,2.151884084128201e-09,7693.0,potassium two pore domain channel subfamily K member 17,cg08315770,0
863,8283,cg08370996,1.3196338640449119e-29,3.2137071225939216,True,3.021521670708167e-26,7745.0,nuclear receptor subfamily 2 group F member 2,cg08370996,0
869,8341,cg08432727,3.058576908178891e-07,2.0346604899809666,True,2.1200166278789914e-06,7800.0,SRY-box transcription factor 11,cg08432727,0
871,8351,cg08441170,2.8472471146093964e-09,2.2548106991016588,True,3.5984802999543596e-08,7810.0,myosin IIIA,cg08441170,0
876,8438,cg08536841,5.092685191442819e-09,2.152912945937967,True,5.926582732743876e-08,7894.0,izumo sperm-egg fusion 1,cg08536841,0
882,8486,cg08583049,2.168038928873396e-14,2.2630778628397143,True,1.0675454768767997e-12,7938.0,forkhead box B1,cg08583049,0
888,8574,cg08668790,6.683072017355335e-07,2.0945437483734435,True,4.1761220547840614e-06,,,,0
891,8590,cg08687901,1.0885692598733583e-12,2.562366809827941,True,3.4537562337506226e-11,8034.0,H4 clustered histone 5,cg08687901,0
892,8596,cg08694544,8.275829919551967e-14,2.1302656568547214,True,3.4768609001469396e-12,8040.0,retbindin,cg08694544,0
909,8695,cg08785215,7.112648747447576e-24,3.03079639988065,True,3.3123243556757556e-21,8132.0,filamin B,cg08785215,0
910,8697,cg08785922,1.0230376533306328e-14,2.295010834205696,True,5.63306263785821e-13,8134.0,nucleoredoxin,cg08785922,0
918,8816,cg08900043,7.878696216590262e-20,2.4488511475256467,True,1.462669305723203e-17,8246.0,homeobox C10,cg08900043,0
932,8896,cg08996748,1.9057932778862274e-11,2.171976260502092,True,4.4413550554030524e-10,8323.0,dispatched RND transporter family member 2,cg08996748,0
937,8929,cg09022993,8.5073117864801885e-19,2.1265028280011298,True,1.2238057520697888e-16,8355.0,spermatogenesis associated 18,cg09022993,0
945,8991,cg09088508,3.0101183285996713e-15,2.0395772279933015,True,1.837911359924546e-13,8415.0,"ras homolog family member F, filopodia associated",cg09088508,0
947,9004,cg09099744,1.560787708056469e-11,2.261781625120375,True,3.7317893172579586e-10,,,,0
971,9255,cg09374949,8.475598947244214e-06,2.0788778345022063,True,3.566871531009813e-05,8667.0,inositol-3-phosphate synthase 1,cg09374949,0
981,9340,cg09450238,2.1852226694441982e-08,2.0202957497570733,True,2.1156158585499927e-07,8747.0,BTB domain containing 6,cg09450238,0
989,9421,cg09529667,6.978562325700264e-17,2.4930485491050622,True,6.391432615364682e-15,8826.0,single stranded DNA binding protein 4,cg09529667,0
992,9485,cg09587549,3.8577232961970086e-10,2.3138837547429683,True,6.275595339627532e-09,,,,0
995,9525,cg09626984,1.2601835214252901e-16,2.3728537194808874,True,1.0753044234373066e-14,,,,0
996,9544,cg09643544,2.4589862650581778e-23,2.6123030726237717,True,9.935750973343896e-21,8938.0,zinc finger protein 177,cg09643544,0
1010,9700,cg09829319,6.08031060753793e-13,2.069442568924698,True,2.0786203023629256e-11,9085.0,glial cells missing transcription factor 2,cg09829319,0
1026,9841,cg09963123,5.2197782048713476e-14,2.166125966967537,True,2.3094786788574098e-12,9219.0,Kruppel like factor 3,cg09963123,0
1034,9889,cg10014293,6.4441046371417785e-15,2.0904105171261507,True,3.6810440542641895e-13,9264.0,metallothionein 1H,cg10014293,0
1039,9916,cg10046620,7.595376890242467e-17,2.007710727510604,True,6.887477737171684e-15,9290.0,H2A clustered histone 13,cg10046620,0
1044,9969,cg10089145,9.034054787714106e-15,2.483034341139636,True,5.004429220710338e-13,9338.0,suppression of tumorigenicity 14,cg10089145,0
1048,10013,cg10141715,4.2701626107714174e-11,2.01400450121673,True,9.04602836496187e-10,9380.0,solute carrier family 5 member 8,cg10141715,0
1051,10056,cg10182321,2.452066076660073e-14,2.154695240395998,True,1.1945561617431236e-12,9418.0,serine/threonine kinase 32B,cg10182321,0
1061,10114,cg10235817,5.768742889881171e-23,3.0374485738893764,True,2.113359728565001e-20,9469.0,adrenoceptor alpha 2C,cg10235817,0
1062,10119,cg10238818,7.865651473704095e-13,2.2847941337739313,True,2.600681587141922e-11,9474.0,cysteine and tyrosine rich 1,cg10238818,0
1063,10150,cg10273210,6.336814859172966e-22,2.6617845549177424,True,1.706963971280749e-19,9501.0,tripartite motif containing 59,cg10273210,0
1064,10162,cg10281002,2.0162313946605298e-10,2.1141126069247282,True,3.546605236856128e-09,9513.0,T-box transcription factor 5,cg10281002,0
1065,10181,cg10301967,3.8514278364423385e-23,4.828515084146903,True,1.4697476560290235e-20,9532.0,ribosomal protein S18,cg10301967,0
1086,10393,cg10523019,2.1769180092079107e-26,3.1330169685315585,True,2.0625172145171227e-23,9735.0,rhomboid domain containing 1,cg10523019,0
1097,10471,cg10599444,1.1477311831652868e-22,2.0950940880536986,True,3.941882748581178e-20,9810.0,matrix metallopeptidase 14,cg10599444,0
1099,10481,cg10608333,1.7611272137234801e-22,2.6609368599363217,True,5.626596665612365e-20,9819.0,H4 clustered histone 12,cg10608333,0
1100,10521,cg10660256,1.918396002433684e-21,2.348912694143072,True,4.706236478827492e-19,9856.0,betaine--homocysteine S-methyltransferase,cg10660256,0
1106,10600,cg10741760,2.9521168202372507e-10,2.5521633115461384,True,4.95191463692544e-09,9930.0,5-hydroxytryptamine receptor 6,cg10741760,0
1110,10648,cg10792326,1.7482495605343545e-24,3.0599052696717286,True,9.606980985048384e-22,9976.0,dynein light chain LC8-type 1,cg10792326,0
1122,10804,cg10943191,3.4848466745778044e-07,2.759775424801441,True,2.3768375063268905e-06,10121.0,transmembrane protein 52,cg10943191,0
1137,10900,cg11037148,9.916920161657082e-32,3.0818173259055337,True,4.541288306028166e-28,10211.0,H4 clustered histone 11,cg11037148,0
1150,10998,cg11126134,6.700060472101329e-11,2.133936762552304,True,1.3437289162880008e-09,10305.0,mesenteric estrogen dependent adipogenesis,cg11126134,0
1164,11145,cg11260422,7.631744529347616e-19,2.4123869202172443,True,1.1094699084039953e-16,10436.0,forkhead box A1,cg11260422,0
1179,11262,cg11377136,2.291316890752807e-09,2.7840974627985253,True,2.9752468284652236e-08,10549.0,polycystin family receptor for egg jelly,cg11377136,0
1187,11322,cg11438428,2.9237868764851933e-12,2.0569321528523408,True,8.456207180874439e-11,10605.0,pancreas associated transcription factor 1a,cg11438428,0
1188,11343,cg11462865,1.4747030535551193e-15,2.3261838774351027,True,9.693526578823077e-14,10623.0,keratin 19,cg11462865,0
1210,11548,cg11667754,1.7208100326660913e-11,2.1030235314364703,True,4.0584529148097446e-10,10817.0,cadherin 1,cg11667754,0
1213,11578,cg11695266,2.8675900335706634e-10,2.125929246920097,True,4.842649278573297e-09,10846.0,DnaJ heat shock protein family (Hsp40) member B6,cg11695266,0
1230,11731,cg11832722,1.905419165938194e-24,3.203052112612893,True,1.026535235359173e-21,10991.0,desmocollin 3,cg11832722,0
1244,11837,cg11932564,3.2032384917534214e-11,2.2667463680658457,True,7.057913456248357e-10,11088.0,TNF receptor superfamily member 13C,cg11932564,0
1246,11844,cg11939071,4.7882474023041646e-11,2.0820018730347285,True,9.989512955634717e-10,11095.0,deltex E3 ubiquitin ligase 1,cg11939071,0
1247,11851,cg11946769,1.5811415361234196e-07,2.1058046132175887,True,1.1840677254436379e-06,11101.0,NME/NM23 nucleoside diphosphate kinase 6,cg11946769,0
1253,11894,cg11993754,5.3475060461702967e-11,2.4591470584184063,True,1.0997610488366398e-09,,,,0
1264,11971,cg12072973,5.143701580261206e-09,2.1537223907399143,True,5.975828525127141e-08,11208.0,pleckstrin homology domain containing O1,cg12072973,0
1282,12132,cg12251804,1.4719468903850667e-14,2.2693865578821795,True,7.718164975825335e-13,11356.0,fucose mutarotase,cg12251804,0
1288,12161,cg12281657,1.1329806712226435e-13,2.5947225297918455,True,4.5936209227288424e-12,11383.0,protein phosphatase 1 regulatory subunit 36,cg12281657,0
1289,12172,cg12293634,7.94652419665029e-23,4.157267612391206,True,2.8355675172358876e-20,11393.0,ring finger protein 149,cg12293634,0
1294,12227,cg12356261,1.160645327404461e-15,2.2580021481878787,True,7.854652959548023e-14,11445.0,nestin,cg12356261,0
1295,12235,cg12370791,1.437199499614683e-15,2.3256911070000443,True,9.492426310435824e-14,11452.0,homeobox B9,cg12370791,0
1296,12239,cg12373771,1.5252699651686856e-24,3.6555899717284848,True,8.730899492286418e-22,11456.0,transmembrane protein 121B,cg12373771,0
1308,12322,cg12448933,5.462691143810328e-26,3.7173143976360237,True,4.5482697535555323e-23,,,,0
1316,12377,cg12506373,1.093056979696271e-20,2.0590126325051363,True,2.36479004520746e-18,11584.0,"carbamoyl-phosphate synthetase 2, aspartate transcarbamylase, and dihydroorotase",cg12506373,0
1317,12379,cg12507125,2.8141888669298166e-17,2.586160942558566,True,2.9178359738778734e-15,11586.0,WW domain containing transcription regulator 1,cg12507125,0
1338,12545,cg12650926,3.812300987009353e-05,2.0168775295716057,True,0.00013103175121224542,11744.0,"inositol 1,4,5-trisphosphate receptor type 3",cg12650926,0
1344,12562,cg12680609,2.60245371381867e-13,2.0925312530687235,True,9.715355739250241e-12,11760.0,ZFP41 zinc finger protein,cg12680609,0
1347,12579,cg12689375,2.891920725138883e-09,2.183057909747823,True,3.6432101716605207e-08,11775.0,DEAD-box helicase 3 X-linked,cg12689375,0
1351,12599,cg12711814,1.285107979616665e-14,2.0710968480092857,True,6.896411493739744e-13,11795.0,enolase 1,cg12711814,0
1367,12735,cg12839593,4.1306343395927114e-12,2.037841727920777,True,1.1454329534544058e-10,11926.0,SIX homeobox 1,cg12839593,0
1380,12832,cg12946225,2.1565074459233967e-19,2.3756481479534166,True,3.5709663346007645e-17,12016.0,high mobility group 20B,cg12946225,0
1386,12879,cg12992720,2.62251760836626e-14,2.4194060767412817,True,1.2622973387292125e-12,12060.0,lysophosphatidic acid receptor 2,cg12992720,0
1392,12914,cg13042487,8.02815223861068e-19,2.2892944653445984,True,1.160955320568774e-16,12093.0,X-ray repair cross complementing 3,cg13042487,0
1400,13001,cg13140267,1.174771393655919e-22,2.1298589487821604,True,3.94667265679334e-20,12174.0,small nuclear ribonucleoprotein U5 subunit 200,cg13140267,0
1424,13306,cg13434842,5.923210441343873e-14,2.1663453107429267,True,2.5710289113169714e-12,,,,0
1425,13317,cg13438834,1.3244545923792312e-17,2.7667885795326885,True,1.4914227205004817e-15,12470.0,family with sequence similarity 118 member A,cg13438834,0
1428,13340,cg13460409,1.9491749115826803e-19,2.6131942014592107,True,3.285615329487468e-17,12492.0,ripply transcriptional repressor 3,cg13460409,0
1430,13366,cg13488201,1.471917778159763e-11,2.0047367417127484,True,3.556361395233696e-10,12515.0,ADAM metallopeptidase domain 12,cg13488201,0
1431,13373,cg13493559,7.98052880887848e-07,2.0377907148131285,True,4.872733545616558e-06,12522.0,phospholipase C beta 3,cg13493559,0
1432,13400,cg13518195,1.1043287547648142e-13,2.373276309021156,True,4.488540956496751e-12,12548.0,nudix hydrolase 16,cg13518195,0
1448,13569,cg13682722,6.264838899607119e-26,2.389849463777891,True,5.062726870753094e-23,12706.0,"NRDE-2, necessary for RNA interference, domain containing",cg13682722,0
1456,13631,cg13744194,1.371051739682784e-13,2.0074896295138247,True,5.451666801667753e-12,,,,0
1466,13730,cg13836770,6.524188878099088e-12,2.2152658655120305,True,1.7093378379470816e-10,12857.0,TNF receptor superfamily member 1B,cg13836770,0
1472,13754,cg13854874,2.647169800615214e-22,2.23731519944303,True,8.081515271300402e-20,12879.0,chromatin assembly factor 1 subunit B,cg13854874,0
1474,13767,cg13870866,7.961792866393938e-20,2.33345300986966,True,1.4681759785036232e-17,,,,0
1479,13828,cg13921352,0.0016726836718697206,2.0395594136158137,True,0.003039191678897794,12949.0,TAFA chemokine like family member 4,cg13921352,0
1481,13837,cg13929328,3.748004255769863e-22,2.851002797725944,True,1.0616511848611624e-19,12957.0,forkhead box I2,cg13929328,0
1483,13861,cg13958614,7.364183483988174e-22,2.2777294394020733,True,1.945560628904414e-19,12980.0,forkhead box D1,cg13958614,0
1486,13877,cg13975369,5.383025479701385e-11,2.49087657432459,True,1.1054111216761978e-09,12993.0,centrosomal protein 41,cg13975369,0
1499,14019,cg14106085,1.34028110409654e-18,2.092956048062684,True,1.8321175928436087e-16,13129.0,forkhead box D2,cg14106085,0
1503,14040,cg14121103,7.799924354949133e-16,2.27717759834456,True,5.4118869084995555e-14,13150.0,abhydrolase domain containing 5,cg14121103,0
1509,14085,cg14167596,1.493245472312836e-10,2.238441538239313,True,2.7261403719114606e-09,,,,0
1511,14127,cg14204735,2.6232776984072656e-14,2.335962299556789,True,1.2622973387292125e-12,13228.0,cytochrome b561,cg14204735,0
1515,14152,cg14228238,1.819048157945059e-20,2.7542832514733324,True,3.786376302098367e-18,13253.0,MDS1 and EVI1 complex locus,cg14228238,0
1533,14343,cg14407667,3.6116914313638372e-12,2.012918000879625,True,1.0188381290364764e-10,13434.0,epidermal growth factor receptor pathway substrate 15,cg14407667,0
1548,14482,cg14539231,1.0045555851993856e-13,2.17409410133923,True,4.125735315237417e-12,13566.0,epithelial stromal interaction 1,cg14539231,0
1550,14510,cg14566624,7.806844658832138e-08,2.652677355731448,True,6.422181552277599e-07,13593.0,G protein-coupled receptor 153,cg14566624,0
1579,14727,cg14785479,1.3904750297239386e-13,2.153013036599011,True,5.52090923651661e-12,13799.0,scavenger receptor class F member 2,cg14785479,0
1580,14737,cg14795968,8.772276391146537e-25,4.758217748550909,True,5.356157024958717e-22,13808.0,acyl-CoA dehydrogenase long chain,cg14795968,0
1585,14767,cg14826456,3.996030180364752e-13,2.658751316381329,True,1.4259081199441807e-11,13836.0,adrenoceptor beta 1,cg14826456,0
1588,14796,cg14849559,2.1854607355215928e-10,2.055797888012153,True,3.8028954508670854e-09,13865.0,transmembrane BAX inhibitor motif containing 1,cg14849559,0
1591,14812,cg14865516,3.683301076888681e-09,2.095540906010351,True,4.477981433123602e-08,13881.0,poly(A) binding protein interacting protein 1,cg14865516,0
1593,14833,cg14889768,1.0173221962025463e-27,2.1540506464239617,True,1.270542939220962e-24,13902.0,"RAB32, member RAS oncogene family",cg14889768,0
1596,14874,cg14920846,2.0819499948814883e-16,2.22277994450307,True,1.6874235415741526e-14,13938.0,neuron navigator 1,cg14920846,0
1604,14941,cg15001381,2.1979474497502683e-16,2.028545932489334,True,1.7709913234410082e-14,14004.0,axin 1,cg15001381,0
1607,14969,cg15032239,3.47947070150366e-19,2.285960126098697,True,5.462967828257975e-17,14030.0,cytoplasmic FMR1 interacting protein 1,cg15032239,0
1609,15000,cg15057726,2.1776177632694365e-15,2.013294337825985,True,1.3786227111426506e-13,14058.0,minichromosome maintenance complex component 2,cg15057726,0
1617,15081,cg15147516,2.392373604582535e-13,2.0335552160433137,True,9.016852833951952e-12,14131.0,Mix paired-like homeobox,cg15147516,0
1624,15135,cg15201877,2.0670683133321613e-35,3.6064705967517594,True,2.8397384488557233e-31,,,,0
1636,15181,cg15247144,1.591890647612381e-06,2.0796799366112024,True,8.733783433266329e-06,,,,0
1654,15348,cg15415545,3.237196015718064e-11,3.2341405108122,True,7.109927875928819e-10,14383.0,sulfotransferase family 1A member 3,cg15415545,0
1658,15376,cg15439862,1.5720408046015368e-19,2.3348189228040064,True,2.7337590599513815e-17,14409.0,desmocollin 3,cg15439862,0
1667,15453,cg15520279,1.6999538460576433e-17,2.5016899701805277,True,1.8516535401175436e-15,14486.0,homeobox D8,cg15520279,0
1670,15485,cg15547534,1.1322778634794311e-20,2.5697059539835205,True,2.4305052013250662e-18,14515.0,protein phosphatase 1 regulatory subunit 35,cg15547534,0
1682,15660,cg15696627,5.929029480091316e-18,2.216723552539834,True,7.113799737772446e-16,14680.0,msh homeobox 1,cg15696627,0
1684,15665,cg15700739,1.0635048004997523e-09,2.2455565130701127,True,1.5243014031576003e-08,14684.0,homeobox C5,cg15700739,0
1687,15711,cg15746719,2.4919503861652874e-07,2.333880244762627,True,1.763751386148311e-06,,,,0
1688,15713,cg15747595,1.0432725492359326e-20,3.0249227306691515,True,2.316166248685148e-18,14728.0,TSPY like 5,cg15747595,0
1695,15792,cg15798455,0.000362185144560541,2.124328899948163,True,0.0008758492371013399,14802.0,prokineticin 2,cg15798455,0
1702,15841,cg15835825,1.4150061008717429e-13,2.175338379090897,True,5.602119254690491e-12,14851.0,5-hydroxytryptamine receptor 5A,cg15835825,0
1704,15854,cg15842884,6.568377466015293e-15,2.09653147883288,True,3.7364956367750763e-13,14863.0,glycerophosphocholine phosphodiesterase 1,cg15842884,0
1719,15996,cg15982419,6.668528291758128e-16,2.311747111595027,True,4.662200594003724e-14,15001.0,ralA binding protein 1,cg15982419,0
1734,16130,cg16124337,3.791494012086787e-17,2.090166758247333,True,3.829966524856491e-15,15128.0,ubiquitin conjugating enzyme E2 J1,cg16124337,0
1753,16245,cg16241714,4.221754993670036e-21,5.222433506740983,True,1.0086690452702427e-18,15236.0,CCAAT enhancer binding protein delta,cg16241714,0
1759,16318,cg16306115,3.1851893161581147e-14,2.3519619862140666,True,1.4985661241568555e-12,15305.0,doublecortin domain containing 2,cg16306115,0
1760,16325,cg16313343,2.8639214532255753e-15,2.2414978674186044,True,1.7525413329359887e-13,15313.0,BRF1 RNA polymerase III transcription initiation factor subunit,cg16313343,0
1764,16361,cg16352283,1.4945428471502211e-22,2.039967147454848,True,4.8885784843213667e-20,15347.0,terminal nucleotidyltransferase 5B,cg16352283,0
1775,16487,cg16483916,3.5896348612340097e-16,2.173602465990606,True,2.724552691913416e-14,,,,0
1776,16499,cg16500334,1.7221343752469708e-16,2.5513168373520907,True,1.4252218100688484e-14,15475.0,small ubiquitin like modifier 3,cg16500334,0
1785,16581,cg16584172,1.1180151407959172e-09,2.002774829465989,True,1.585884564197657e-08,15550.0,Zic family member 2,cg16584172,0
1787,16627,cg16632715,5.766062762621526e-20,2.166120964319368,True,1.1156925384914722e-17,15594.0,homeobox D11,cg16632715,0
1789,16641,cg16652063,1.527430875854314e-20,2.3084769816955744,True,3.2282839034594718e-18,15607.0,solute carrier family 13 member 5,cg16652063,0
1803,16715,cg16741710,2.0758179177362684e-14,2.1250217175944446,True,1.031377452219199e-12,15679.0,tumor protein p73,cg16741710,0
1812,16772,cg16792632,1.5385268158810678e-21,2.632799386303365,True,3.842960253922565e-19,15731.0,estrogen receptor 2,cg16792632,0
1832,17012,cg17050972,1.5834426348027663e-28,3.346181949028563,True,2.559215872578871e-25,15953.0,H2A clustered histone 14,cg17050972,0
1839,17069,cg17108819,2.418696549305261e-10,2.0296744465522907,True,4.158705030582688e-09,16009.0,CD8a molecule,cg17108819,0
1849,17148,cg17186163,1.6942873679917758e-14,2.173027712903298,True,8.734003700364359e-13,16087.0,DEPP1 autophagy regulator,cg17186163,0
1851,17151,cg17188046,8.461961325394527e-21,2.0704286844259165,True,1.90574466702082e-18,16090.0,T-box transcription factor T,cg17188046,0
1852,17157,cg17191178,0.0007979396218222355,2.1784112595510936,True,0.0016693968666098944,16096.0,short stature homeobox 2,cg17191178,0
1855,17176,cg17213552,3.4468831951867884e-10,2.1797205341526653,True,5.667657849847528e-09,16112.0,dihydrolipoamide S-acetyltransferase,cg17213552,0
1859,17212,cg17252960,3.673851179121999e-12,2.270009234952608,True,1.0331907369248315e-10,16144.0,"inhibitor of DNA binding 4, HLH protein",cg17252960,0
1867,17271,cg17317962,1.3492860169683805e-11,2.1276025121257582,True,3.301245111506965e-10,16197.0,actin gamma 1,cg17317962,0
1878,17359,cg17403875,5.077249387442256e-14,2.4633566064963817,True,2.2536753500704916e-12,16283.0,galectin 3,cg17403875,0
1884,17407,cg17457560,2.5219072159868827e-13,2.31206095471288,True,9.466109653887376e-12,16328.0,neuregulin 1,cg17457560,0
1888,17448,cg17497271,8.677430902745296e-22,2.704054648761459,True,2.2492555800361296e-19,16369.0,G protein-coupled receptor 176,cg17497271,0
1900,17541,cg17602451,1.6766153849368912e-06,2.2863754809785344,True,9.116699844948747e-06,,,,0
1915,17670,cg17729667,1.0677163206946058e-20,2.5164845115100025,True,2.3282994942384916e-18,16579.0,ninein like,cg17729667,0
1929,17813,cg17861230,1.0360948073210202e-23,4.622180348517344,True,4.518689035865453e-21,16713.0,phosphodiesterase 4C,cg17861230,0
1939,17904,cg17950095,2.820621374336761e-26,2.221514795099595,True,2.4218560275399015e-23,16798.0,homeobox A11,cg17950095,0
1942,17912,cg17965019,3.699726569684925e-19,2.267804497427344,True,5.743146171110904e-17,16806.0,H3 clustered histone 12,cg17965019,0
1944,17939,cg17992056,1.3910625482541696e-14,2.283425217333796,True,7.407138483688288e-13,16831.0,isoprenylcysteine carboxyl methyltransferase,cg17992056,0
1945,17954,cg18008766,4.212578479307171e-17,2.6168122218444374,True,4.133743082051565e-15,16845.0,serine and arginine rich splicing factor 7,cg18008766,0
1950,17990,cg18055007,4.0612394868767127e-14,2.244454264934475,True,1.8535982747744942e-12,16879.0,dimethylarginine dimethylaminohydrolase 2,cg18055007,0
1951,17997,cg18059933,3.3967939620187856e-15,2.24916627868242,True,2.0422387505564148e-13,16886.0,tumor protein p53 inducible nuclear protein 1,cg18059933,0
1956,18043,cg18108623,2.401304553155709e-28,2.5064034029742066,True,3.472539152763487e-25,16932.0,schlafen family member 11,cg18108623,0
1960,18074,cg18130100,2.5505538820528867e-15,2.53850288234322,True,1.581919152670093e-13,16961.0,"polycystin 1, transient receptor potential channel interacting",cg18130100,0
1962,18119,cg18182399,3.166848939565456e-12,2.061265938896248,True,9.092198690020948e-11,17006.0,desmin,cg18182399,0
1965,18161,cg18230771,1.4295059079476873e-12,2.018300593499549,True,4.388503276734151e-11,17046.0,aggrecan,cg18230771,0
1973,18198,cg18267374,1.6174595057731778e-16,2.55326488586003,True,1.3507999203837032e-14,17079.0,neurofilament medium,cg18267374,0
2005,18489,cg18555440,2.5852690951528548e-23,2.65761830560274,True,1.0294616472234759e-20,17356.0,myogenic differentiation 1,cg18555440,0
2007,18506,cg18573383,6.010833924818444e-17,2.7037765313125868,True,5.560729727889279e-15,17371.0,potassium voltage-gated channel subfamily C member 2,cg18573383,0
2008,18525,cg18592307,2.1325115824912788e-10,2.0543037308479293,True,3.7225469021937975e-09,17389.0,WD repeat domain 76,cg18592307,0
2020,18619,cg18691434,7.168723115976256e-19,3.864514175839744,True,1.0533039376179871e-16,17480.0,glypican 2,cg18691434,0
2028,18677,cg18750960,2.6804353997269187e-05,2.065082358836885,True,9.62840149599906e-05,17534.0,homeobox D4,cg18750960,0
2039,18736,cg18809289,9.108849512745387e-27,2.2964170720635937,True,9.26943515600712e-24,17591.0,arachidonate 5-lipoxygenase,cg18809289,0
2040,18741,cg18815943,7.605597587400893e-18,3.697552833947256,True,8.930401679975511e-16,17594.0,forkhead box E3,cg18815943,0
2049,18858,cg18943383,1.5929906637948566e-25,3.4829603058274383,True,1.2158058744007633e-22,17705.0,H3 clustered histone 10,cg18943383,0
2052,18866,cg18952647,0.004101092429837746,2.0228037895816966,True,0.006265659230550596,17713.0,basonuclin 1,cg18952647,0
2062,18957,cg19032144,4.6700387033494566e-17,2.5497464721510568,True,4.502245032043146e-15,17799.0,ribosomal protein L31,cg19032144,0
2067,18985,cg19067730,0.0029026320321925434,2.122939437313845,True,0.004749164396863117,17824.0,cathepsin A,cg19067730,0
2076,19140,cg19222480,1.6384634101302623e-13,2.0241009073681475,True,6.394662025104984e-12,17967.0,ubiquitin conjugating enzyme E2 C,cg19222480,0
2094,19372,cg19450025,1.1888547020759006e-12,2.1728560193776665,True,3.741692072650338e-11,18183.0,sulfotransferase family 1A member 3,cg19450025,0
2097,19384,cg19462352,6.8333739134656865e-19,3.993228007952754,True,1.0094289335827054e-16,18193.0,protein interacting with cyclin A1,cg19462352,0
2098,19386,cg19464016,3.6887751602346547e-25,2.8587611609444994,True,2.518043309679356e-22,18195.0,PR/SET domain 1,cg19464016,0
2106,19476,cg19560758,1.3176675443103693e-07,2.031943850722287,True,1.0090366066742393e-06,18275.0,ERBB receptor feedback inhibitor 1,cg19560758,0
2110,19507,cg19586576,9.086213729069006e-15,2.163362349871679,True,5.023195340440644e-13,18306.0,gap junction protein gamma 1,cg19586576,0
2125,19663,cg19764436,1.093615333409206e-06,2.199334736771417,True,6.3419533348989755e-06,18451.0,G protein subunit alpha z,cg19764436,0
2128,19701,cg19796273,1.1990762512223233e-09,2.0349391521016797,True,1.683859420500578e-08,18482.0,myosin X,cg19796273,0
2136,19754,cg19848683,1.2525212119769974e-24,2.1010461824819666,True,7.32218570644255e-22,18531.0,MDS1 and EVI1 complex locus,cg19848683,0
2143,19798,cg19884262,0.0004045196051756533,2.124551029014074,True,0.0009612194648280075,18573.0,forkhead box I2,cg19884262,0
2146,19817,cg19904463,1.3758010065751554e-27,2.6919520155373013,True,1.6435438459416944e-24,18591.0,fatty acid binding protein 5,cg19904463,0
2158,19899,cg19996355,1.0064591614534337e-29,7.288869082263452,True,2.5139519927358678e-26,18667.0,PBX homeobox 4,cg19996355,0
2161,19950,cg20050826,3.980109262319592e-19,2.044924221131785,True,6.075415671749617e-17,18717.0,keratin 72,cg20050826,0
2164,19955,cg20052718,1.1583992361619156e-15,2.384183739203169,True,7.854652959548023e-14,,,,0
2170,20003,cg20098887,4.1304637831454285e-14,2.344141694079754,True,1.8789507103593343e-12,18763.0,"RAB32, member RAS oncogene family",cg20098887,0
2175,20063,cg20163288,8.71351135512845e-14,2.0034947397618725,True,3.644024931408056e-12,18821.0,gap junction protein gamma 1,cg20163288,0
2177,20098,cg20209009,7.27998834831742e-20,2.432892882342021,True,1.3700339716326674e-17,18856.0,T-box transcription factor 21,cg20209009,0
2183,20159,cg20279283,3.912929636049604e-15,2.2263312616627178,True,2.317061523277994e-13,,,,0
2216,20472,cg20613151,1.4067050452922183e-14,2.161770881863112,True,7.46151116302104e-13,19208.0,tripartite motif containing 25,cg20613151,0
2227,20547,cg20673481,1.5026801737147631e-15,2.1100630852377686,True,9.830390584044484e-14,19281.0,potassium voltage-gated channel modifier subfamily S member 3,cg20673481,0
2229,20566,cg20692569,2.1603737024123657e-30,3.0325073488042467,True,7.41980348093527e-27,19298.0,frizzled class receptor 9,cg20692569,0
2238,20672,cg20797766,6.6295250953951796e-12,2.1770502306128066,True,1.7314907939265965e-10,19397.0,serine protease 27,cg20797766,0
2248,20755,cg20881888,5.142479386092714e-16,3.1740773426198468,True,3.7182832529548265e-14,19476.0,zinc finger MYND-type containing 10,cg20881888,0
2249,20764,cg20888386,1.2313633961414452e-10,2.073675620972125,True,2.3078404278569134e-09,19485.0,crystallin beta A2,cg20888386,0
2257,20834,cg20959866,1.1064413246666509e-15,2.4255854984547796,True,7.540100112467756e-14,19549.0,adherens junctions associated protein 1,cg20959866,0
2267,20935,cg21053323,2.511571126119179e-32,5.869749604127461,True,1.3801585652250113e-28,19651.0,small ubiquitin like modifier 3,cg21053323,0
2269,20955,cg21072025,4.822255144521738e-16,2.0941366664772554,True,3.523837296565938e-14,19671.0,G protein subunit gamma 8,cg21072025,0
2271,20972,cg21091629,1.1975756672674435e-08,2.049507521336724,True,1.2445003416732328e-07,19687.0,post-GPI attachment to proteins 2,cg21091629,0
2278,21054,cg21172540,1.2614488232890216e-08,2.238445309317196,True,1.3052110806244129e-07,19765.0,testis specific serine kinase 3,cg21172540,0
2282,21087,cg21208104,2.0948694815575633e-09,2.2416993945430628,True,2.743500184712851e-08,19797.0,serine protease 12,cg21208104,0
2284,21105,cg21226224,3.658119990985085e-15,2.2818597011691697,True,2.1708532369828551e-13,19813.0,SRY-box transcription factor 17,cg21226224,0
2293,21158,cg21269897,4.820047368714431e-12,2.0010216869270745,True,1.3073605281618728e-10,19863.0,H4 clustered histone 9,cg21269897,0
2299,21193,cg21296230,4.4003377005709206e-21,3.4520786189390296,True,1.042273091904195e-18,19895.0,"gremlin 1, DAN family BMP antagonist",cg21296230,0
2317,21303,cg21410991,5.583912573653336e-22,2.4925574883624555,True,1.5190453650861294e-19,20002.0,ISL LIM homeobox 1,cg21410991,0
2319,21319,cg21421701,8.519082751994206e-10,2.17972687119253,True,1.2510439213992133e-08,20017.0,basic leucine zipper ATF-like transcription factor 3,cg21421701,0
2332,21492,cg21589115,1.1221845177054021e-28,2.9141796155890463,True,2.1886915359858857e-25,20183.0,dickkopf like acrosomal protein 1,cg21589115,0
2335,21505,cg21604042,2.165387842705568e-07,2.027191631299147,True,1.559942222500739e-06,20195.0,"signal peptide, CUB domain and EGF like domain containing 3",cg21604042,0
2338,21578,cg21663122,1.136110728845432e-17,2.642672644198372,True,1.2899081977585575e-15,20262.0,H2B clustered histone 9,cg21663122,0
2339,21580,cg21663580,1.7257315178244456e-13,2.9287342872551374,True,6.706675980727647e-12,20264.0,protein tyrosine kinase 7 (inactive),cg21663580,0
2357,21706,cg21801378,5.5664763597814165e-18,4.4734268528996175,True,6.737643368341595e-16,20383.0,CUGBP Elav-like family member 6,cg21801378,0
2361,21754,cg21859434,4.816864625758849e-09,2.0662090395997343,True,5.645049721999919e-08,20430.0,C-X-C motif chemokine receptor 4,cg21859434,0
2363,21763,cg21870884,5.293322180249473e-10,2.850182378360536,True,8.29659556329347e-09,20438.0,G protein-coupled receptor 25,cg21870884,0
2368,21792,cg21907579,2.604686735860653e-15,2.309617913880773,True,1.6082330956069057e-13,20466.0,T-box transcription factor 5,cg21907579,0
2379,21868,cg21975377,5.421205426537197e-07,2.348256553461715,True,3.4828232550557188e-06,20535.0,frizzled class receptor 6,cg21975377,0
2390,22041,cg22166290,2.2674256388049286e-24,2.219381006909602,True,1.1754676764491362e-21,20699.0,BAF chromatin remodeling complex subunit BCL11A,cg22166290,0
2407,22216,cg22334665,2.4668591602794428e-14,2.2766307618506567,True,1.198131613336974e-12,20859.0,solute carrier family 22 member 16,cg22334665,0
2408,22219,cg22336401,3.06619722109483e-10,2.1590045918167395,True,5.1307451185628226e-09,20862.0,ectonucleoside triphosphate diphosphohydrolase 8,cg22336401,0
2414,22274,cg22395019,1.1888853282040575e-21,2.002153837334241,True,3.024612340530989e-19,20913.0,polypeptide N-acetylgalactosaminyltransferase 14,cg22395019,0
2417,22303,cg22418909,1.9030632263204905e-09,2.1206649866200857,True,2.5260176428203768e-08,20941.0,secreted frizzled related protein 1,cg22418909,0
2432,22472,cg22594309,0.0008787716859632536,2.035751194458145,True,0.001807676188030722,21097.0,synaptotagmin 2,cg22594309,0
2440,22539,cg22660578,2.0157663187876628e-14,2.2385145436338814,True,1.005175959619053e-12,21160.0,LIM homeobox 1,cg22660578,0
2450,22582,cg22719623,4.4940286787945954e-23,2.0790243889447,True,1.668620702412977e-20,21199.0,opioid receptor mu 1,cg22719623,0
2453,22607,cg22736354,1.8397970497825157e-36,5.566400164844077,True,5.05502637398244e-32,21223.0,NHL repeat containing E3 ubiquitin protein ligase 1,cg22736354,0
2454,22618,cg22751696,6.1496561339026255e-12,2.9531487486320263,True,1.6251654293875074e-10,21233.0,chromosome 3 open reading frame 14,cg22751696,0
2455,22622,cg22757447,9.40411497201415e-23,2.32180154685798,True,3.312659781680267e-20,21237.0,impact RWD domain protein,cg22757447,0
2458,22647,cg22777952,4.356536182531623e-16,2.1169390821472183,True,3.217746993312873e-14,21262.0,forkhead box B1,cg22777952,0
2463,22687,cg22809047,3.406659110536804e-22,2.2682591411053767,True,9.786123943776167e-20,21299.0,ribosomal protein L31,cg22809047,0
2464,22692,cg22815110,6.159797458767314e-14,2.2996637671388607,True,2.665300708300641e-12,21304.0,forkhead box D3,cg22815110,0
2476,22795,cg22920873,3.335923479388981e-14,2.8161847682036325,True,1.5614622405398918e-12,21398.0,formation of mitochondrial complex V assembly factor 1 homolog,cg22920873,0
2495,22931,cg23060239,7.718040040807275e-13,2.404596347594576,True,2.5611215961500084e-11,21523.0,RUN and SH3 domain containing 1,cg23060239,0
2503,23000,cg23124451,3.6975380914469296e-07,2.0636077523024317,True,2.5035376195316864e-06,21589.0,chromobox 7,cg23124451,0
2508,23039,cg23158811,4.28392651786171e-24,3.0572115507829287,True,2.1018779465137206e-21,21625.0,PBX homeobox 4,cg23158811,0
2530,23243,cg23353982,1.19075867676761e-13,2.1806305918524886,True,4.804300352843884e-12,,,,0
2540,23310,cg23433607,6.150818481631296e-11,2.0690078978451965,True,1.2399111416089616e-09,21877.0,chromogranin B,cg23433607,0
2547,23385,cg23517605,7.475607082414368e-07,2.078955949832836,True,4.600219041353128e-06,21948.0,tubulin beta 2B class IIb,cg23517605,0
2556,23494,cg23639989,4.259774645349373e-20,2.635569385258765,True,8.54318015734448e-18,22047.0,OTU deubiquitinase with linear linkage specificity like,cg23639989,0
2561,23528,cg23662675,5.848292495683799e-11,2.2427225189896367,True,1.188518377303314e-09,22078.0,zinc finger MYND-type containing 8,cg23662675,0
2567,23576,cg23704082,2.062829816871505e-15,2.6462896492765773,True,1.3119979640824415e-13,22124.0,tripartite motif containing 59,cg23704082,0
2574,23623,cg23752923,2.687845252371639e-07,2.124025908361389,True,1.8863661852915234e-06,22169.0,mucolipin 3,cg23752923,0
2581,23711,cg23854009,2.582040487805509e-22,3.812416108267601,True,7.971252184600467e-20,22253.0,zinc finger protein 530,cg23854009,0
2599,23810,cg23941599,1.0642959620028092e-20,2.105649539916334,True,2.3282994942384916e-18,22344.0,fem-1 homolog C,cg23941599,0
2603,23826,cg23964386,5.3682581938258296e-12,2.0214251907295573,True,1.4376048940892642e-10,22360.0,prostaglandin reductase 1,cg23964386,0
2604,23828,cg23967169,4.291633964656572e-20,2.166028647928807,True,8.544705421224926e-18,22362.0,TAFA chemokine like family member 4,cg23967169,0
2618,23917,cg24058120,5.727683713313411e-13,3.0452938787079966,True,1.9721032294110185e-11,22443.0,melanotransferrin,cg24058120,0
2625,23998,cg24130043,8.212984652141764e-13,2.0440235461623195,True,2.7090031969057273e-11,22520.0,zinc finger protein 197,cg24130043,0
2632,24046,cg24194539,3.880039005496876e-07,2.063744383654636,True,2.6084646859562555e-06,22565.0,crystallin beta-gamma domain containing 1,cg24194539,0
2634,24053,cg24200059,7.402066646995106e-09,2.1446293483486256,True,8.208085939704083e-08,22571.0,2-oxoglutarate and iron dependent oxygenase domain containing 3,cg24200059,0
2638,24113,cg24264506,2.739364399475762e-09,2.1638139878788523,True,3.474920417359004e-08,22628.0,tetratricopeptide repeat domain 12,cg24264506,0
2651,24241,cg24385322,3.0410886787784873e-16,2.566106237122374,True,2.365300369545116e-14,22751.0,histone deacetylase 3,cg24385322,0
2685,24575,cg24697184,1.2210740071974128e-13,2.1775677186541973,True,4.9121858597007484e-12,23061.0,tetratricopeptide repeat domain 22,cg24697184,0
2686,24586,cg24710886,2.5562918977382656e-14,2.4381388571228557,True,1.2343879821134724e-12,23071.0,pumilio RNA binding family member 1,cg24710886,0
2692,24678,cg24805239,1.0663137033313616e-13,2.6358714203467963,True,4.3598266834423355e-12,23154.0,gasdermin E,cg24805239,0
2701,24764,cg24891133,1.447268814023609e-10,2.5262734195471235,True,2.6498584947845164e-09,23235.0,mesenteric estrogen dependent adipogenesis,cg24891133,0
2709,24892,cg25014318,7.910360364207876e-10,2.0434452098675,True,1.1748381695512194e-08,23354.0,glucagon like peptide 1 receptor,cg25014318,0
2713,24929,cg25044651,3.976859299667938e-19,2.3250243121660152,True,6.075415671749617e-17,23388.0,laeverin,cg25044651,0
2718,24942,cg25057743,1.0754858709427416e-11,2.1168760690538013,True,2.7035727163790273e-10,23401.0,parathyroid hormone 2 receptor,cg25057743,0
2724,24981,cg25094569,2.7074353440345122e-05,2.2925881415420566,True,9.713958411163783e-05,,,,0
2728,25032,cg25136310,2.0278342786612837e-05,3.9690510860317145,True,7.564047602565494e-05,23486.0,ribosomal protein L36,cg25136310,0
2735,25070,cg25167447,6.952766688125382e-12,2.074627970774272,True,1.8090361507853502e-10,23519.0,neuron navigator 1,cg25167447,0
2738,25080,cg25176823,5.660403705767064e-14,2.428453339510441,True,2.472579526544608e-12,23529.0,fascin actin-bundling protein 1,cg25176823,0
2756,25266,cg25376316,7.616187001628719e-11,2.0411850767151543,True,1.51529582952028e-09,23701.0,carbonic anhydrase 5B,cg25376316,0
2762,25310,cg25421647,3.4581050868548132e-09,2.2234453561810152,True,4.256939756560164e-08,,,,0
2769,25358,cg25462291,3.545592488226565e-24,2.716299011345554,True,1.7712490764820564e-21,23791.0,hes related family bHLH transcription factor with YRPW motif like,cg25462291,0
2774,25410,cg25505610,1.1948745465056152e-28,3.1407833375412704,True,2.1886915359858857e-25,23843.0,eukaryotic translation initiation factor 3 subunit M,cg25505610,0
2782,25467,cg25558099,3.4703384675569355e-07,2.554599048625775,True,2.3689694343998597e-06,23897.0,SMCR8-C9orf72 complex subunit,cg25558099,0
2785,25492,cg25589890,1.5853471110388392e-24,3.031139524402852,True,8.889591269980233e-22,23919.0,UL16 binding protein 1,cg25589890,0
2799,25649,cg25766046,5.354633623753441e-16,2.1104407168770627,True,3.841355442460824e-14,24071.0,receptor tyrosine kinase like orphan receptor 2,cg25766046,0
2801,25676,cg25802093,1.5180333966703166e-19,3.0797745968132912,True,2.6566551341983195e-17,24095.0,sperm associated antigen 6,cg25802093,0
2809,25782,cg25905812,3.118177372544868e-14,2.300722737313143,True,1.47461345074084e-12,24190.0,doublesex and mab-3 related transcription factor 1,cg25905812,0
2815,25819,cg25942450,7.802666477518403e-25,3.3121061938396594,True,4.91735458929198e-22,24225.0,T cell leukemia homeobox 3,cg25942450,0
2823,25889,cg26005082,2.5327396923365372e-14,3.101388185151012,True,1.2251682356802587e-12,,,,0
2842,26083,cg26200580,6.345056388984915e-13,2.0566658377694957,True,2.15496624652348e-11,24470.0,family with sequence similarity 120B,cg26200580,0
2844,26101,cg26217633,1.4979461447603898e-17,2.346846751794871,True,1.6662983106654442e-15,24486.0,notchless homolog 1,cg26217633,0
2845,26103,cg26219051,2.1574479965923967e-19,2.074701342557165,True,3.5709663346007645e-17,24488.0,"signal peptide, CUB domain and EGF like domain containing 1",cg26219051,0
2856,26201,cg26312150,1.7198219986103463e-19,2.253647731198075,True,2.9533643271136174e-17,24580.0,twist family bHLH transcription factor 1,cg26312150,0
2863,26265,cg26381783,5.749836563064819e-18,2.5817109252463712,True,6.929057430121445e-16,24640.0,KN motif and ankyrin repeat domains 1,cg26381783,0
2870,26384,cg26521404,6.518323227330905e-08,2.622328748185181,True,5.503916686974307e-07,24756.0,homeobox A9,cg26521404,0
2883,26533,cg26668713,1.9140873842712585e-13,2.180033947245639,True,7.355449646187007e-12,24897.0,signal-induced proliferation-associated 1,cg26668713,0
2886,26543,cg26677448,6.4342221944729526e-21,2.4937152015708715,True,1.4856024287003264e-18,24906.0,paired box 2,cg26677448,0
2888,26560,cg26699283,1.468045272578876e-14,2.78536378454729,True,7.712430575406731e-13,24922.0,apoptosis inducing factor mitochondria associated 2,cg26699283,0
2891,26575,cg26710722,0.00042376074451729414,2.097910909505809,True,0.000998991867555313,24937.0,collagen type IX alpha 2 chain,cg26710722,0
2897,26622,cg26759551,1.0313177135089002e-09,2.279094963840795,True,1.4859195331080514e-08,24981.0,fructose-bisphosphatase 1,cg26759551,0
2899,26646,cg26780333,3.1598740702133726e-24,3.8016212772805287,True,1.6077907398737525e-21,25003.0,acyl-CoA thioesterase 4,cg26780333,0
2905,26718,cg26842024,8.455814769280181e-13,2.0538140928425888,True,2.770839091066956e-11,25073.0,Kruppel like factor 2,cg26842024,0
2911,26813,cg26952662,1.068654974252561e-05,2.423801838788541,True,4.3551415118011516e-05,25163.0,collagen triple helix repeat containing 1,cg26952662,0
2914,26856,cg27005179,2.6142378948475394e-11,2.1745726992666383,True,5.877970572735761e-10,,,,0
2916,26860,cg27009703,5.4808027570265535e-18,2.190071555069116,True,6.722791810359892e-16,25208.0,homeobox A9,cg27009703,0
2918,26889,cg27037648,2.2419606295512198e-08,2.014832610460935,True,2.1606492549122873e-07,25231.0,CASK interacting protein 2,cg27037648,0
2920,26900,cg27043630,7.220128637710829e-11,2.332987117668201,True,1.4396244880242578e-09,25241.0,MYD88 innate immune signal transduction adaptor,cg27043630,0
2925,26949,cg27090216,8.226803391726874e-14,2.4176318899653717,True,3.4615566614255374e-12,25288.0,TNF receptor superfamily member 10c,cg27090216,0
2931,26997,cg27154163,1.859861065119469e-15,2.4090279493594067,True,1.188407968028431e-13,25334.0,"KIT proto-oncogene, receptor tyrosine kinase",cg27154163,0
2942,27162,cg27320127,6.685003405577611e-15,2.9818385633710416,True,3.79498251181096e-13,25490.0,potassium two pore domain channel subfamily K member 12,cg27320127,0
2951,27244,cg27409364,5.280568162831539e-16,2.5889748844060945,True,3.7981385037162135e-14,25565.0,potassium voltage-gated channel subfamily C member 1,cg27409364,0
2964,27321,cg27494383,1.295228443775097e-10,2.0476754841657785,True,2.409458139550749e-09,25638.0,leukocyte receptor tyrosine kinase,cg27494383,0
2970,27353,cg27529628,1.345491243950923e-33,3.639902169504678,True,1.2322905806265187e-29,25669.0,growth arrest specific 2 like 3,cg27529628,0
2973,27379,cg27553955,1.0405726840574356e-24,2.1094486748208543,True,6.215385884165674e-22,25695.0,potassium voltage-gated channel modifier subfamily G member 3,cg27553955,0
2976,27402,cg27574244,4.7516746197973055e-09,2.232859024276036,True,5.584722305447627e-08,25718.0,tubulin folding cofactor D,cg27574244,0
