"SampleID","DNAmAge","Comment","noMissingPerSample","meanMethBySample","minMethBySample","maxMethBySample","corSampleVSgoldstandard","meanAbsDifferenceSampleVSgoldstandard","predictedGender","meanXchromosome"
"E.GEOD.36194_GSM884792",75.6841486388694,"",0,0.27854910253903,0,0.9955394,0.910172017148281,0.0847100285028413,"female",0.527679347533641
"E.GEOD.36194_GSM884702",24.1992422333977,"",0,0.276401535443467,0,0.9928241,0.890590849138473,0.0844836914657634,"male",0.346484329096774
"E.GEOD.36194_GSM884637",30.6556553557659,"",0,0.252347370052883,0,0.9928347,0.892123401027986,0.0875396428767816,"male",0.334169080451613
"E.GEOD.36194_GSM884821",73.1061209646044,"",0,0.275661015883939,0,0.9954098,0.88961082713772,0.0898093084530578,"male",0.356915570706912
"E.GEOD.36194_GSM884781",82.3843627528304,"",0,0.27470488717068,0,0.9962434,0.895023453465426,0.0916149777282549,"male",0.362571975693088
"E.GEOD.36194_GSM884770",50.04853083066,"",0,0.263025686891763,0,0.9975404,0.896865244387827,0.0881400760494204,"female",0.485391805803687
"E.GEOD.36194_GSM884730",34.0659823916036," Warning: meanMethBySample is <0.25",0,0.240820913712046,0,0.995101,0.858878487135774,0.0876353440656944,"male",0.321418106573272
"E.GEOD.36194_GSM884691",43.819956270549,"",0,0.260700306376526,0,0.9966567,0.900231309287455,0.0868130463510399,"male",0.342964080228571
"E.GEOD.36194_GSM884814",78.8343011978764,"",0,0.269933953968177,0,0.9941061,0.884848359769587,0.0914626924703901,"female",0.520687585368664
"E.GEOD.36194_GSM884612",7.08582626043957," Warning: meanMethBySample is <0.25",0,0.249625725872473,0,0.99542,0.908889840749237,0.0812381051419451,"male",0.327555990929032
"E.GEOD.36194_GSM884669",38.441762642334,"",0,0.261167991836016,0,0.992535,0.884590520020249,0.0887291113584188,"male",0.347577627261751
"E.GEOD.36194_GSM884642",17.5007270773683,"",0,0.255768217448053,0,0.9944788,0.916250954236011,0.078738582291693,"male",0.335777555189862
"E.GEOD.36194_GSM884768",55.7457447977529," Warning: meanMethBySample is <0.25 Warning: Relatively low correlation between the methylation levels of this sample and the expected values: corSampleVSgoldstandard<0.85.",0,0.236420924901774,0,0.9944849,0.849430960069382,0.089311593921022,"male",0.314673165234101
"E.GEOD.36194_GSM884675",84.6258685885502,"",0,0.271889685539077,0,0.9951504,0.900653624493897,0.0860000247321697,"male",0.354050535721659
"E.GEOD.36194_GSM884738",26.4984811101076,"",0,0.259677850143593,0,0.9944392,0.896270291713224,0.0880642530992062,"female",0.476466998509677
"E.GEOD.36194_GSM884644",15.9808860428966,"",0,0.25712485740687,0,0.9943193,0.899960710486032,0.087188503460408,"female",0.480137017894009
"E.GEOD.36194_GSM884841",11.3072273119289,"",0,0.267543015183124,0,0.993385,0.907315984451365,0.0802622103955711,"female",0.460723709741935
"E.GEOD.36194_GSM884618",24.203018236588,"",0,0.254527965556018,0,0.9949424,0.90029346555312,0.0804470555217459,"male",0.336813560081106
"E.GEOD.36194_GSM884680",48.0835120102407,"",0,0.263692460566033,0,0.9947573,0.898260964984204,0.087634356108888,"female",0.482338145707834
"E.GEOD.36194_GSM884735",25.669742419898,"",0,0.260678115791293,0,0.9961171,0.910264104263493,0.0834329715508895,"male",0.344535341125346
"E.GEOD.36194_GSM884801",68.8186171415119,"",0,0.268190124395872,0,0.9934209,0.885397823512138,0.0872321194165246,"male",0.360334652482949
"E.GEOD.36194_GSM884629",75.1277298247941,"",0,0.267865999806674,0,0.9918734,0.902166086292788,0.0718220826189887,"female",0.495055778009217
"E.GEOD.36194_GSM884609",35.282342905067," Warning: meanMethBySample is <0.25 Warning: Relatively low correlation between the methylation levels of this sample and the expected values: corSampleVSgoldstandard<0.85.",0,0.245839793785871,0,0.9948803,0.844024287422117,0.102122021858562,"female",0.500749017375115
"E.GEOD.36194_GSM884714",33.1219586586205,"",0,0.257173664643982,0,0.9958581,0.911483460615158,0.0818408940507604,"male",0.339560583866359
"E.GEOD.36194_GSM884695",44.9489790445386,"",0,0.262061774191642,0,0.9951745,0.90350390387674,0.0858184996875051,"male",0.345409562917051
"E.GEOD.36194_GSM884767",67.8139469410419,"",0,0.265216685270685,0,0.9955829,0.878555426724603,0.0895569029420247,"male",0.348819346395392
"E.GEOD.36194_GSM884723",81.7485272697013,"",0,0.266000874269585,0,0.994613,0.892484368437373,0.0904107930979774,"female",0.473102559549309
"E.GEOD.36194_GSM884825",13.6966662590285,"",0,0.270639555080307,0,0.9904889,0.877097866611414,0.0891386381201807,"male",0.358337065070968
"E.GEOD.36194_GSM884832",36.4494733118855,"",0,0.269541299431908,0,0.9942596,0.905359786927715,0.0800314469584494,"male",0.349677700403687
"E.GEOD.36194_GSM884628",77.2093977082469,"",0,0.271000072149616,0,0.9908578,0.892698241435116,0.0772411015572394,"female",0.512798596073733
"E.GEOD.36194_GSM884690",23.5832062783616,"",0,0.255276032609851,0,0.9960089,0.90672625572707,0.0840395387801609,"female",0.474430299186175
"E.GEOD.36194_GSM884813",72.4748620014736,"",0,0.271826766801479,0,0.9948223,0.887347224152992,0.0906888861467864,"female",0.537558473938249
"E.GEOD.36194_GSM884667",49.8535827823665,"",0,0.25516118740102,0,0.9911481,0.90109773999716,0.0809083058659475,"male",0.335450458610138
"E.GEOD.36194_GSM884670",29.9242667998805," Warning: meanMethBySample is <0.25",0,0.237488055645217,0,0.9910069,0.889648788431288,0.0801581927763384,"male",0.310487217974194
"E.GEOD.36194_GSM884784",79.959423527013,"",0,0.275583119097108,0,0.9948465,0.890888456923683,0.0908190341133433,"male",0.357642216320737
"E.GEOD.36194_GSM884840",51.1847523997111,"",0,0.263522947557469,0,0.9926481,0.873193667455518,0.0915680592980141,"male",0.353362645573272
"E.GEOD.36194_GSM884619",29.1918441452137,"",0,0.25081515869094,0,0.9945325,0.889332932380137,0.0849563315631824,"female",0.475876863489401
"E.GEOD.36194_GSM884684",40.2487573792147,"",0,0.253721238609603,0,0.9948294,0.894268330934862,0.0866263262367693,"male",0.332912603999078
"E.GEOD.36194_GSM884683",18.6352423309039,"",0,0.257566600217007,0,0.9942217,0.909861606152571,0.0797144972237579,"female",0.486133005921659
"E.GEOD.36194_GSM884636",36.9996473725555,"",0,0.261984412348278,0,0.9934701,0.910229678901833,0.0812304860042285,"female",0.478852865511521
"E.GEOD.36194_GSM884641",27.6072121957994," Warning: Relatively low correlation between the methylation levels of this sample and the expected values: corSampleVSgoldstandard<0.85.",0,0.250026130202218,0,0.9930738,0.846944984241489,0.103117379585774,"female",0.476052043036866
"E.GEOD.36194_GSM884671",29.452573855612," Warning: meanMethBySample is <0.25 Warning: Relatively low correlation between the methylation levels of this sample and the expected values: corSampleVSgoldstandard<0.85.",0,0.239125902874392,0,0.9917533,0.846587376080816,0.0997883789518477,"male",0.327903685719816
"E.GEOD.36194_GSM884836",69.6898918167943,"",0,0.264282943193261,0,0.9932088,0.877760025998124,0.0895990069040995,"male",0.349384565466359
"E.GEOD.36194_GSM884623",50.6084383207976,"",0,0.258793038093738,0,0.9947771,0.904091269891734,0.074894152733905,"male",0.33448065723318
"E.GEOD.36194_GSM884811",59.1435393647706,"",0,0.275679920448474,0,0.993875,0.899439678412411,0.0804197804776059,"female",0.529818963007373
"E.GEOD.36194_GSM884721",45.5397336371709," Warning: meanMethBySample is <0.25",0,0.248714881606936,0,0.9939106,0.912491677326557,0.0746177598196998,"female",0.444397225603687
"E.GEOD.36194_GSM884737",66.9588749019637," Warning: meanMethBySample is <0.25 Warning: Relatively low correlation between the methylation levels of this sample and the expected values: corSampleVSgoldstandard<0.85.",0,0.247169462903627,0,0.996178,0.837488796091836,0.106334442183454,"male",0.334583699987097
"E.GEOD.36194_GSM884643",6.82029200968223,"",0,0.252862252352068,0,0.9931296,0.910386809272647,0.0818248888339911,"male",0.335285545364977
"E.GEOD.36194_GSM884791",59.6280484343332,"",0,0.278596233183124,0,0.9917128,0.874256495596268,0.087107078566447,"male",0.363490300806452
"E.GEOD.36194_GSM884710",17.3111206137735,"",0,0.263196515420203,0,0.9948564,0.904452167906547,0.0828578474173089,"female",0.481352305986175
"E.GEOD.36194_GSM884622",39.7246184373609,"",0,0.2571020972098,0,0.9921797,0.907079145589938,0.070635058175821,"male",0.325904412097696
"E.GEOD.36194_GSM884807",67.523023969807,"",0,0.272375232328201,0,0.9905993,0.892154842840544,0.0735596918326771,"male",0.345795656691244
"E.GEOD.36194_GSM884757",56.1592736208489,"",0,0.267824277951657,0,0.99424,0.889889195389398,0.0860677302601062,"male",0.349130575499539
"E.GEOD.36194_GSM884681",66.8230889894373,"",0,0.25892334999422,0,0.9942006,0.900947618807055,0.0860513219670704,"female",0.466724714896774
"E.GEOD.36194_GSM884707",15.7757508821603,"",0,0.258851885790991,0,0.9963309,0.904699840908739,0.0861573362238087,"male",0.342949166698618
"E.GEOD.36194_GSM884682",51.4339384685523,"",0,0.259620481758265,0,0.9951017,0.88330866065059,0.0925220485762017,"male",0.345025375979723
"E.GEOD.36194_GSM884787",59.8240466502175,"",0,0.273489785127995,0,0.9954709,0.892433828464612,0.0890109707586992,"male",0.357053453208295
"E.GEOD.36194_GSM884817",73.4477197648205,"",0,0.270853515126142,0,0.9942131,0.889178087786282,0.0912090197816001,"male",0.354274073562212
"E.GEOD.36194_GSM884719",2.95531572247506,"",0,0.25741162889269,0,0.9957131,0.909970090301829,0.0836880493428686,"female",0.486091381698617
"E.GEOD.36194_GSM884753",14.7242982278427,"",0,0.265360398735492,0,0.9897298,0.88060589652956,0.0836026756302893,"male",0.340779909656221
"E.GEOD.36194_GSM884828",72.3582032281976,"",0,0.274855704575112,0,0.9921009,0.888626546535007,0.0867406330756691,"male",0.360539544035945
"E.GEOD.36194_GSM884774",60.4066367822635,"",0,0.262843383814583,0,0.9937375,0.88949283021736,0.0816661214919543,"female",0.493637827857143
"E.GEOD.36194_GSM884834",47.9682695448184,"",0,0.269276582874953,0,0.9945201,0.894214302673745,0.0840124379497815,"female",0.480040757041475
"E.GEOD.36194_GSM884725",87.5930643387592,"",0,0.268139035214573,0,0.9951896,0.894343288744278,0.0896015204628533,"male",0.349499634513364
"E.GEOD.36194_GSM884752",44.0676413121977,"",0,0.259345825550122,0,0.9947803,0.90406996396648,0.0795608145711675,"male",0.347131858751152
"E.GEOD.36194_GSM884668",56.1928740962564,"",0,0.271751484430738,0,0.9920345,0.910844029464933,0.0768765731296563,"male",0.356631790147465
"E.GEOD.36194_GSM884824",12.1376129400977,"",0,0.269508530000655,0,0.9938537,0.879958879699754,0.0885572308964015,"male",0.354199409121659
"E.GEOD.36194_GSM884694",10.4740240451313,"",0,0.256775556895779,0,0.9968113,0.903415286746136,0.0862412590809535,"male",0.338582382679263
"E.GEOD.36194_GSM884794",79.4113393290155,"",0,0.275145889873563,0,0.9965692,0.889740532797213,0.0929492236576555,"male",0.359113654995392
"E.GEOD.36194_GSM884697",46.4474635429738,"",0,0.257686438904268,0,0.9959323,0.895487360550677,0.0878506670194607,"female",0.469038551129032
"E.GEOD.36194_GSM884771",49.4328560624235,"",0,0.26032705639606,0,0.9957008,0.908218905870453,0.0782009336917649,"male",0.340126231200922
"E.GEOD.36194_GSM884709",19.2409074385136,"",0,0.261019213459379,0,0.9939754,0.913823038497381,0.0787307856219541,"female",0.482156732853456
"E.GEOD.36194_GSM884820",63.436928964277,"",0,0.267252931644702,0,0.9949657,0.887035978093116,0.0883646698924786,"female",0.49325993383871
"E.GEOD.36194_GSM884728",16.3851515631658," Warning: meanMethBySample is <0.25 Warning: Relatively low correlation between the methylation levels of this sample and the expected values: corSampleVSgoldstandard<0.85.",0,0.236087808210745,0,0.9957035,0.839370150468908,0.1057373314842,"male",0.325409623685714
"E.GEOD.36194_GSM884654",61.9316358436425,"",0,0.265949137316361,0,0.9936339,0.894101077052506,0.0886253883125593,"male",0.350337522073733
"E.GEOD.36194_GSM884838",15.414127120257,"",0,0.259471671705446,0,0.9955763,0.898524795149266,0.0830415466051892,"male",0.354535937307834
"E.GEOD.36194_GSM884656",47.5993211581277,"",0,0.265598664049186,0,0.9913682,0.89810602646373,0.0821346677841695,"female",0.49077777577235
"E.GEOD.36194_GSM884687",14.782680102624," Warning: meanMethBySample is <0.25",0,0.233906152484631,0,0.9920399,0.856934078530885,0.0958881260034632,"male",0.310859964477419
"E.GEOD.36194_GSM884823",77.3246685674713,"",0,0.278148110145685,0,0.993744,0.88737312302274,0.090478130165204,"female",0.534179078061751
"E.GEOD.36194_GSM884726",26.090025165274," Warning: meanMethBySample is <0.25",0,0.242546071233691,0,0.9963495,0.852853180826072,0.103212100964643,"female",0.469419775197235
"E.GEOD.36194_GSM884808",59.6405632140048,"",0,0.272120970958957,0,0.9935713,0.899420726745751,0.0879765711069364,"male",0.354107826602765
"E.GEOD.36194_GSM884666",15.0921838196737,"",0,0.263432577330915,0,0.9908343,0.912346896427617,0.0801011368988421,"male",0.347171559695853
"E.GEOD.36194_GSM884819",56.1458067075819,"",0,0.276370530500842,0,0.9916607,0.887775763938339,0.0781697576555889,"male",0.357236609560369
"E.GEOD.36194_GSM884678",7.93595403829691,"",0,0.253620555467896,0,0.9944354,0.906069605855194,0.0852173771570651,"male",0.338712768340092
"E.GEOD.36194_GSM884815",54.752922838295,"",0,0.274442782420348,0,0.9931241,0.885164846711534,0.0796893486047302,"male",0.355031723035945
"E.GEOD.36194_GSM884802",73.593501319507,"",0,0.277011391123362,0,0.9949372,0.891548149850896,0.0913988184989041,"male",0.37024527241659
"E.GEOD.36194_GSM884616",41.7833203682256," Warning: meanMethBySample is <0.25",0,0.241999681951615,0,0.9957485,0.903739988302129,0.0742840798435334,"female",0.438574844143779
"E.GEOD.36194_GSM884760",26.9674315342615," Warning: meanMethBySample is <0.25 Warning: Relatively low correlation between the methylation levels of this sample and the expected values: corSampleVSgoldstandard<0.85.",0,0.237899610270685,0,0.993719,0.840604692528731,0.100749257390224,"male",0.32548306995023
"E.GEOD.36194_GSM884727",41.9867521273063," Warning: meanMethBySample is <0.25 Warning: Relatively low correlation between the methylation levels of this sample and the expected values: corSampleVSgoldstandard<0.85.",0,0.245100010235914,0,0.9966666,0.8402915863204,0.107876053815597,"male",0.332664590041475
"E.GEOD.36194_GSM884803",83.9573662765564,"",0,0.288717632394,0,0.9938914,0.871792133726079,0.093748351386375,"male",0.366669917506912
"E.GEOD.36194_GSM884689",37.2587220644749,"",0,0.254471864351881,0,0.9942369,0.875569808790529,0.0925146471179074,"male",0.338829551512442
"E.GEOD.36194_GSM884717",18.805004247474,"",0,0.266406761150791,0,0.995378,0.90111217654751,0.0867322158990274,"female",0.486301450626728
"E.GEOD.36194_GSM884731",53.2943182357806," Warning: Relatively low correlation between the methylation levels of this sample and the expected values: corSampleVSgoldstandard<0.85.",0,0.261434011559856,0,0.9936739,0.831127850729372,0.0967545081806803,"male",0.33793910521106
"E.GEOD.36194_GSM884613",24.2183884544697,"",0,0.256735744487224,0,0.9959798,0.897643537469209,0.0848614041510549,"male",0.33789550604424
"E.GEOD.36194_GSM884816",63.5302387667199,"",0,0.259058736585768,0,0.9943675,0.893563675791537,0.0819480352509502,"male",0.339962635359447
"E.GEOD.36194_GSM884693",32.8641130901385,"",0,0.257915468482956,0,0.9960445,0.897661879899163,0.0880140236734595,"male",0.342795723155576
"E.GEOD.36194_GSM884704",43.7022127635156,"",0,0.251819998347777,0,0.9962209,0.894845114654638,0.08709254748879,"male",0.332058803785253
"E.GEOD.36194_GSM884782",80.2687159739591,"",0,0.2755709983576,0,0.995069,0.88750603974593,0.0931177641597175,"male",0.358901198245161
"E.GEOD.36194_GSM884646",62.6214728837815,"",0,0.260898080547173,0,0.9934423,0.896358840132808,0.0866865791383936,"male",0.341004904195392
"E.GEOD.36194_GSM884804",75.6999584227616,"",0,0.273393402950346,0,0.9934297,0.892018977674592,0.087832038302413,"male",0.355941933301382
"E.GEOD.36194_GSM884839",23.7572968610519,"",0,0.265807904712313,0,0.9946282,0.896267138168985,0.0834548595160269,"female",0.476925403002765
"E.GEOD.36194_GSM884701",71.8561092073388,"",0,0.261764406124532,0,0.9949095,0.888765555019713,0.0896047578555334,"male",0.345200068987097
"E.GEOD.36194_GSM884685",15.5117448231113,"",0,0.255470845445198,0,0.9937345,0.910964994354885,0.08132312867267,"male",0.33971423313917
"E.GEOD.36194_GSM884799",67.5870731754635,"",0,0.272509795440425,0,0.9943963,0.892806513939833,0.0814192202918455,"male",0.35222651898894
"E.GEOD.36194_GSM884795",69.2175208502805,"",0,0.277580051167025,0,0.995424,0.886773178778485,0.0824464066157855,"male",0.35201640278341
"E.GEOD.36194_GSM884776",81.1906703538593,"",0,0.271704467004139,0,0.9955687,0.889017263833483,0.0910408722657705,"female",0.51611986503318
"E.GEOD.36194_GSM884679",18.6655111936854,"",0,0.258772822688899,0,0.9943682,0.910456390989038,0.0830759887360785,"male",0.341274808814747
"E.GEOD.36194_GSM884663",60.9159095434787,"",0,0.258675444002106,0,0.9925652,0.914823837533264,0.0759448854962356,"male",0.333115705400922
"E.GEOD.36194_GSM884649",76.22345632341,"",0,0.261263357805082,0,0.9921388,0.87824573474314,0.093268991591943,"female",0.490964071885714
"E.GEOD.36194_GSM884640",36.6629039467487,"",0,0.257382352538141,0,0.9940791,0.895105116446693,0.0862292766793854,"male",0.338036086532719
"E.GEOD.36194_GSM884650",43.0531664554073," Warning: meanMethBySample is <0.25 Warning: Relatively low correlation between the methylation levels of this sample and the expected values: corSampleVSgoldstandard<0.85.",0,0.24056775671228,0,0.9934478,0.840963365716339,0.100466306596483,"female",0.436926382653456
"E.GEOD.36194_GSM884610",19.9699342004057," Warning: meanMethBySample is <0.25",0,0.236733789525796,0,0.9963869,0.917989080880219,0.0723826851234411,"female",0.450369264598157
"E.GEOD.36194_GSM884696",51.4781298689393,"",0,0.260807954883892,0,0.9947725,0.902028454872485,0.086079671743183,"male",0.343351027384332
"E.GEOD.36194_GSM884810",75.9080856077102,"",0,0.272471885610305,0,0.9945459,0.901517251061502,0.0871476948945232,"female",0.529488432232258
"E.GEOD.36194_GSM884724",83.5983374080901,"",0,0.268553165827359,0,0.9962313,0.891183004613296,0.0913178541963794,"male",0.350040164017512
"E.GEOD.36194_GSM884835",27.2076422900534,"",0,0.263057750099916,0,0.9947904,0.897023338726927,0.0836398280984763,"male",0.343728915918894
"E.GEOD.36194_GSM884831",45.3893772357742,"",0,0.259101584794787,0,0.9941428,0.883330524111008,0.0876413631645456,"female",0.496106790640553
"E.GEOD.36194_GSM884756",3.96631605365462,"",0,0.255295423988909,0,0.9945791,0.907085992336562,0.0814879326888926,"male",0.335053365810138
"E.GEOD.36194_GSM884706",10.4923489185783,"",0,0.253999252701849,0,0.9970645,0.881809381890739,0.0941552468329192,"female",0.474944330061751
"E.GEOD.36194_GSM884608",14.0561140799284,"",0,0.257112877042877,0,0.9941877,0.905697821744818,0.0821019006055191,"male",0.337677961612903
"E.GEOD.36194_GSM884732",45.7197297329241,"",0,0.265203812290013,0,0.9959975,0.900351890615264,0.0859116129173266,"male",0.347310748926267
"E.GEOD.36194_GSM884755",53.3914347922106,"",0,0.269505288356514,0,0.99368,0.899439863762222,0.0794493774556452,"female",0.483097194519816
"E.GEOD.36194_GSM884800",81.0739904856517,"",0,0.271938696574378,0,0.9953107,0.892186479946002,0.0896264240552723,"male",0.355366850290323
"E.GEOD.36194_GSM884734",37.0295046724142,"",0,0.26320325856945,0,0.9950049,0.891452444771058,0.0899345884957077,"male",0.345879387706912
"E.GEOD.36194_GSM884843",6.56373926269352,"",0,0.2593192103209,0,0.99315,0.89521429941848,0.0824274304023794,"female",0.461279135309677
"E.GEOD.36194_GSM884703",18.5097517401901,"",0,0.25832898823183,0,0.996173,0.903167357351132,0.0869798764639352,"male",0.341619674070968
"E.GEOD.36194_GSM884740",14.381186084347,"",0,0.255700070488113,0,0.9945428,0.899832034642774,0.0883356734557773,"male",0.338644461518894
"E.GEOD.36194_GSM884786",70.0111423658812,"",0,0.277809866321275,0,0.9941162,0.893091543161373,0.0893970667112024,"female",0.514831019510599
"E.GEOD.36194_GSM884611",36.8053556545438," Warning: meanMethBySample is <0.25",0,0.247151199235731,0,0.9954573,0.885426734590627,0.0891537322195105,"male",0.328768121168664
"E.GEOD.36194_GSM884762",16.0436471347441,"",0,0.26384626946228,0,0.9924855,0.903857627634519,0.0769215956225977,"male",0.338566757051613
"E.GEOD.36194_GSM884742",3.9072512661174,"",0,0.254153556145217,0,0.9942473,0.910854660581727,0.0801400398287462,"male",0.345323271099539
"E.GEOD.36194_GSM884842",33.2911290684938,"",0,0.271338333185932,0,0.9939207,0.894093108666657,0.0850790150567198,"male",0.357588523870968
"E.GEOD.36194_GSM884660",22.467699275899,"",0,0.256426748249298,0,0.9926285,0.891208209068801,0.0866645716232307,"male",0.337314811823963
"E.GEOD.36194_GSM884639",14.6219750968568,"",0,0.256226860653641,0,0.9930943,0.907826802264851,0.0818451207601198,"female",0.459496250568664
"E.GEOD.36194_GSM884645",18.1715633491104,"",0,0.255158484296509,0,0.9937379,0.902700492519587,0.0849046139769046,"male",0.3347483172553
"E.GEOD.36194_GSM884621",38.4405043359461,"",0,0.258709320781776,0,0.9946117,0.905396477080255,0.0746590348068909,"male",0.333602727068203
"E.GEOD.36194_GSM884674",70.1868116146388,"",0,0.268837384456711,0,0.9934964,0.89375803425811,0.0892607996125346,"male",0.352217326162212
"E.GEOD.36194_GSM884698",76.3200948641264,"",0,0.265945644194964,0,0.9949621,0.891481201802424,0.091259791381235,"female",0.49852913557235
"E.GEOD.36194_GSM884658",15.6607933613545,"",0,0.262625029017222,0,0.9918784,0.911388187465033,0.0781076938171827,"male",0.345366543341936
"E.GEOD.36194_GSM884648",16.4872197129634,"",0,0.253010767172407,0,0.9932197,0.907764546706604,0.0816123859113143,"female",0.466408609387097
"E.GEOD.36194_GSM884796",86.9485830487334,"",0,0.272668670465556,0,0.9964651,0.89310212255056,0.0922829588675579,"male",0.355925037637788
"E.GEOD.36194_GSM884722",82.2285345110286,"",0,0.266382066670723,0,0.9945143,0.888129302601856,0.0904989744431013,"male",0.349303575050691
"E.GEOD.36194_GSM884769",46.8100737244539," Warning: meanMethBySample is <0.25",0,0.244318325901441,0,0.9949108,0.893348476867151,0.0779430317544862,"male",0.307427855547465
"E.GEOD.36194_GSM884765",55.3146388470838,"",0,0.261054591267269,0,0.9942894,0.898377614081599,0.0859511892870547,"male",0.347810969167742
"E.GEOD.36194_GSM884688",34.2753385197206,"",0,0.257517383911035,0,0.9949895,0.898970068083372,0.0861589181787111,"female",0.4692433556
"E.GEOD.36194_GSM884630",58.189547235359,"",0,0.267175169052555,0,0.9910775,0.892790070156598,0.0752329812512523,"male",0.342033512028571
"E.GEOD.36194_GSM884705",24.1666168552966,"",0,0.261114241245437,0,0.9960769,0.901731895770227,0.0866133549675322,"female",0.481276802023963
"E.GEOD.36194_GSM884625",50.562887916243,"",0,0.250842212588544,0,0.9929682,0.879538643006025,0.0829498363705968,"female",0.480891181378802
"E.GEOD.36194_GSM884783",74.4468635652383,"",0,0.289603982954792,0,0.9942983,0.887522502711896,0.0853008324841814,"female",0.52203875321659
"E.GEOD.36194_GSM884750",30.5119744067775,"",0,0.269661494367746,0,0.9918429,0.860715279464532,0.108432738163649,"female",0.42343288643318
"E.GEOD.36194_GSM884718",34.9668709552059,"",0,0.260978144868551,0,0.9963225,0.900388186884458,0.0861491845274296,"female",0.478868950092166
"E.GEOD.36194_GSM884672",45.3071008552007,"",0,0.261242351154437,0,0.9926023,0.903335423115679,0.083881248196016,"male",0.342326113651613
"E.GEOD.36194_GSM884664",38.6001551470106,"",0,0.264507438805597,0,0.9924733,0.911502519465537,0.0793705738994158,"male",0.345118906087558
"E.GEOD.36194_GSM884692",0.764749991537486,"",0,0.255622763523006,0,0.9951926,0.901271232947578,0.084978618954053,"female",0.501618222988018
"E.GEOD.36194_GSM884715",49.9329669262556," Warning: meanMethBySample is <0.25 Warning: Relatively low correlation between the methylation levels of this sample and the expected values: corSampleVSgoldstandard<0.85.",0,0.247245221264695,0,0.9946274,0.84159864531719,0.105269040244659,"male",0.334432973733641
"E.GEOD.36194_GSM884615",16.0712916488766," Warning: meanMethBySample is <0.25",0,0.249590386237434,0,0.9947261,0.881256382835988,0.0884398080147846,"female",0.485009691382489
"E.GEOD.36194_GSM884720",44.7914421847183,"",0,0.262988376867231,0,0.9962217,0.898810472719523,0.0879257920492592,"female",0.478845348197235
"E.GEOD.36194_GSM884627",22.7810497821056,"",0,0.25856876353407,0,0.9914782,0.919978792890947,0.0678506995485628,"female",0.461642532359447
"E.GEOD.36194_GSM884624",19.2277760608258,"",0,0.257220893016707,0,0.9942139,0.904078127271989,0.0723004174609885,"male",0.334794101870046
"E.GEOD.36194_GSM884708",30.7965068798532,"",0,0.26017715749635,0,0.9924097,0.897162758279339,0.0871981237555755,"male",0.344812272450691
"E.GEOD.36194_GSM884759",22.9467611441867,"",0,0.257458044103753,0,0.9929247,0.909039014324499,0.0769463225987623,"male",0.347011780639631
"E.GEOD.36194_GSM884780",81.7391876086077,"",0,0.276888748681636,0,0.9952847,0.896090503181496,0.0911786225358053,"male",0.359877591913364
"E.GEOD.36194_GSM884699",75.8047291977127,"",0,0.2594345174356,0,0.9959161,0.889864628068405,0.0895169308439886,"female",0.489250779258986
"E.GEOD.36194_GSM884748",75.9588493738658,"",0,0.261212263691735,0,0.9949709,0.891106053827142,0.0892384120175985,"female",0.472770440826728
"E.GEOD.36194_GSM884833",17.6341839313234,"",0,0.264542494231931,0,0.9915175,0.892200714242531,0.0849823043587291,"male",0.349919433407373
"E.GEOD.36194_GSM884775",73.2786308371608,"",0,0.264729564026629,0,0.9934476,0.89401444451906,0.0826629793090567,"male",0.345182451533641
"E.GEOD.36194_GSM884635",54.3058710781155," Warning: meanMethBySample is <0.25 Warning: Relatively low correlation between the methylation levels of this sample and the expected values: corSampleVSgoldstandard<0.85.",0,0.240304561514648,0,0.9925965,0.838228590622565,0.104611118100308,"female",0.460710083035945
"E.GEOD.36194_GSM884763",25.3484349527743,"",0,0.25498742788568,0,0.9954907,0.893634144122512,0.0861388772445531,"male",0.3443149977447
"E.GEOD.36194_GSM884766",21.0715511308812,"",0,0.258160097813314,0,0.995295,0.900173961254555,0.0852869417770219,"female",0.512933766651613
"E.GEOD.36194_GSM884614",31.7134870495088,"",0,0.265826405846359,0,0.992912,0.897809538909871,0.0833622537753759,"male",0.346991600403687
"E.GEOD.36194_GSM884665",7.69892626756505,"",0,0.261182045534397,0,0.9922636,0.908173631944679,0.0826404513296291,"male",0.344693147618433
"E.GEOD.36194_GSM884777",64.3602311482664,"",0,0.268742343717802,0,0.9953912,0.882738582271029,0.0902808479977604,"female",0.515505263779723
"E.GEOD.36194_GSM884790",83.0817614358431,"",0,0.277687408358948,0,0.9952918,0.897030847070988,0.0874532171677473,"male",0.364578320643318
"E.GEOD.36194_GSM884633",51.2853524546738,"",0,0.261047422924607,0,0.9937541,0.895639308064944,0.08598856817414,"male",0.343619844211982
"E.GEOD.36194_GSM884826",40.5754038579798,"",0,0.273283331830915,0,0.99051,0.889087910628428,0.0845070223416738,"female",0.490829333881106
"E.GEOD.36194_GSM884617",29.5089976059293,"",0,0.25075545207127,0,0.99607,0.89416055723311,0.0809183996108514,"male",0.325154946505991
"E.GEOD.36194_GSM884747",83.6151562390178,"",0,0.265015783679479,0,0.9965141,0.893283720171743,0.0881353368792775,"female",0.478518889518894
"E.GEOD.36194_GSM884716",13.9918198047816,"",0,0.258346536375889,0,0.9955688,0.905038355700527,0.0851111889889611,"male",0.342965174185253
"E.GEOD.36194_GSM884805",68.379065284254,"",0,0.271843837075159,0,0.9958481,0.887574462162471,0.0920079774625992,"male",0.357154214765899
"E.GEOD.36194_GSM884712",42.4592660550631," Warning: meanMethBySample is <0.25",0,0.246556597338965,0,0.9913406,0.901819269524337,0.0725770088847047,"female",0.417016519250691
"E.GEOD.36194_GSM884830",27.2663038288312,"",0,0.26271939587814,0,0.9941585,0.886239071133065,0.0867777056931606,"female",0.463914400408295
"E.GEOD.36194_GSM884785",78.2401632052706,"",0,0.272013647081739,0,0.9951129,0.878782593171352,0.0933891663900124,"male",0.357311710520737
"E.GEOD.36194_GSM884657",22.911333547317,"",0,0.264295772715462,0,0.9910284,0.897456291657941,0.0849623333386422,"male",0.34616220022765
"E.GEOD.36194_GSM884676",84.89562907734,"",0,0.272052236566174,0,0.9933053,0.891669589478395,0.0895532706862631,"female",0.506631137800922
"E.GEOD.36194_GSM884677",67.6565110198406,"",0,0.26880191168874,0,0.9930141,0.894033526380534,0.0894585891439125,"male",0.351163601253456
"E.GEOD.36194_GSM884827",29.9667782104983,"",0,0.269766835466726,0,0.9945289,0.902278401304296,0.0798614305453507,"male",0.352617357832258
"E.GEOD.36194_GSM884638",64.7350323374515," Warning: meanMethBySample is <0.25",0,0.24801167664751,0,0.993243,0.904415611325866,0.0813960205956799,"female",0.430276563852535
"E.GEOD.36194_GSM884745",24.420728481336,"",0,0.2603341215114,0,0.9952012,0.890665667821727,0.0865566855654196,"male",0.348764449619355
"E.GEOD.36194_GSM884772",66.0561846931518,"",0,0.262708437252293,0,0.9946864,0.892908817984195,0.0809757296296837,"male",0.344710961116129
"E.GEOD.36194_GSM884749",75.9995151001152,"",0,0.264160343989096,0,0.9945271,0.8933814171541,0.0892301247319443,"male",0.347141754506912
"E.GEOD.36194_GSM884818",79.9141326034535,"",0,0.275504579971513,0,0.9968197,0.890894940565469,0.0908183775917265,"female",0.511154809683871
"E.GEOD.36194_GSM884809",77.8593344193854,"",0,0.270932868575955,0,0.9942114,0.889933029323469,0.0914669103615207,"female",0.520456258733641
"E.GEOD.36194_GSM884798",72.6231536052242,"",0,0.273691999065565,0,0.9970452,0.889941329656121,0.0930024055779857,"female",0.53081354943871
"E.GEOD.36194_GSM884789",74.5066616949302,"",0,0.277456283287434,0,0.9946794,0.889286539712442,0.0922207241535244,"male",0.361011821705991
"E.GEOD.36194_GSM884659",44.0938938419261,"",0,0.267147025341305,0,0.9900956,0.897330403695773,0.0828952766711449,"male",0.34787016221106
"E.GEOD.36194_GSM884713",2.7425411435357,"",0,0.260074662299373,0,0.9938256,0.905445048876987,0.0826665680468381,"male",0.341663363149309
"E.GEOD.36194_GSM884733",25.2069267214791,"",0,0.260095815136835,0,0.9957891,0.903186196156145,0.0855149769264225,"female",0.455413740105991
"E.GEOD.36194_GSM884647",46.8941365197441,"",0,0.256449772349822,0,0.9941112,0.896562008379329,0.0884775670473583,"male",0.338252436365899
"E.GEOD.36194_GSM884673",43.2858488129133,"",0,0.263520771435137,0,0.9934097,0.915252752285968,0.0758210861134752,"male",0.342835261873733
"E.GEOD.36194_GSM884741",13.4930962819663,"",0,0.257059745257722,0,0.9949925,0.895126982524782,0.08709100741674,"male",0.342203526836682
"E.GEOD.36194_GSM884778",76.6709876956379,"",0,0.276034083191642,0,0.9953499,0.897552147474134,0.0894785340746944,"female",0.524303541528111
"E.GEOD.36194_GSM884822",62.6960665812677,"",0,0.274741208730204,0,0.9956497,0.891513588145195,0.0881394720578731,"male",0.358936592756682
"E.GEOD.36194_GSM884662",62.5215850609984,"",0,0.270783420875094,0,0.9928821,0.910844580347376,0.0782747218453655,"male",0.352239318499539
"E.GEOD.36194_GSM884837",4.41872191057379,"",0,0.252396559023048,0,0.994587,0.904505541576777,0.0803071687698357,"female",0.464338110219355
"E.GEOD.36194_GSM884620",46.2327446728335,"",0,0.263073498407666,0,0.9925075,0.904907764067278,0.0747180174463843,"male",0.340585322015668
"E.GEOD.36194_GSM884812",70.5733360399942,"",0,0.273967500452944,0,0.9948964,0.89350679227923,0.0915825376196052,"male",0.356480566367207
"E.GEOD.36194_GSM884746",86.3863455201437,"",0,0.262103822695807,0,0.9954591,0.883030115403865,0.0914837660214503,"female",0.492875208118894
"E.GEOD.36194_GSM884626",5.527614036882,"",0,0.254677952343083,0,0.9938238,0.887002767246399,0.0779825740695403,"female",0.461352562143779
"E.GEOD.36194_GSM884631",66.7180106977254,"",0,0.264582950637121,0,0.9930163,0.893975672272822,0.0756147585130742,"male",0.336579658345622
"E.GEOD.36194_GSM884829",38.261710090308,"",0,0.272340220809809,0,0.9928477,0.894168477927619,0.0831337400340771,"female",0.469730819304147
"E.GEOD.36194_GSM884653",82.3201564623266,"",0,0.266770159945573,0,0.9934962,0.89120198857129,0.0893452565879852,"female",0.497581359267281
"E.GEOD.36194_GSM884632",31.3980197468838,"",0,0.261411955523119,0,0.9938397,0.89797496299285,0.0873712979714016,"male",0.344352669757604
"E.GEOD.36194_GSM884744",46.1153498779697,"",0,0.266006428663726,0,0.994195,0.909724758679022,0.080994911035038,"male",0.346854188026728
"E.GEOD.36194_GSM884739",24.5238199598321,"",0,0.254058031339058,0,0.9947882,0.909198197508961,0.0809573780285412,"male",0.331719457036866
"E.GEOD.36194_GSM884758",50.0557716929196,"",0,0.257459432114377,0,0.992495,0.883052260091609,0.0823439991705132,"male",0.335896045894931
"E.GEOD.36194_GSM884711",32.2875470159593,"",0,0.254780359906449,0,0.9934953,0.878833333526103,0.0925948625096744,"male",0.342988012514286
"E.GEOD.36194_GSM884751",38.4392600884756,"",0,0.261379197043055,0,0.9946639,0.902947983893102,0.0796249958340656,"male",0.336155701107834
"E.GEOD.36194_GSM884661",15.418999524277,"",0,0.25899266303407,0,0.9938175,0.890368726124304,0.0849622904343778,"female",0.477875032504147
"E.GEOD.36194_GSM884651",61.5823356226949,"",0,0.26211228948933,0,0.9944318,0.885194752745605,0.0907773851546128,"male",0.344929874941014
"E.GEOD.36194_GSM884797",74.8782502375556,"",0,0.275458820661503,0,0.9963178,0.891336079943515,0.0934012585887635,"male",0.361898079532719
"E.GEOD.36194_GSM884634",5.32244603801254,"",0,0.254406714111007,0,0.9921638,0.915739290888059,0.0790905206871948,"female",0.496851532008295
"E.GEOD.36194_GSM884764",22.3080948382985," Warning: meanMethBySample is <0.25",0,0.22680283901783,0,0.9963809,0.856242936255397,0.0899397037903837,"male",0.293692375279263
"E.GEOD.36194_GSM884773",72.7796577811321,"",0,0.264274101122632,0,0.9955609,0.890742081611342,0.0825402537592147,"female",0.487455162017512
"E.GEOD.36194_GSM884793",77.8765354560894,"",0,0.273324805655373,0,0.9926561,0.889095499278162,0.0897268802225789,"female",0.509501865291244
"E.GEOD.36194_GSM884729",30.5745357647224," Warning: meanMethBySample is <0.25",0,0.24936467658655,0,0.9947129,0.866153785405946,0.0978486027136618,"male",0.337836395088479
"E.GEOD.36194_GSM884700",71.6576133256168,"",0,0.263194698117278,0,0.9955869,0.891473045535481,0.0897301484067349,"male",0.346223484859908
"E.GEOD.36194_GSM884743",19.0866934941155,"",0,0.258189847887402,0,0.9946982,0.889669480840497,0.0892546423233127,"male",0.344795366104147
"E.GEOD.36194_GSM884754",37.8340323092303,"",0,0.260530545169787,0,0.9942478,0.910951974004959,0.0758554141150784,"male",0.337131478765899
"E.GEOD.36194_GSM884652",78.1950444902868,"",0,0.269696862314302,0,0.99379,0.898778688007391,0.0882581033157862,"male",0.350215751884793
"E.GEOD.36194_GSM884779",57.3332973293811,"",0,0.289034655267222,0,0.9918844,0.886338367584952,0.0843162586583785,"female",0.517032977529954
"E.GEOD.36194_GSM884655",18.4082428684661,"",0,0.260465074314349,0,0.9915336,0.910446724350491,0.0787369756548843,"male",0.342855505437788
"E.GEOD.36194_GSM884736",22.0162487634007,"",0,0.256350890051413,0,0.9953244,0.913866938528828,0.0798800101817282,"male",0.336534809522581
"E.GEOD.36194_GSM884686",0.99009229947353," Warning: meanMethBySample is <0.25",0,0.239075130274616,0,0.9939129,0.894154347792936,0.0841306752357657,"male",0.317621077251613
"E.GEOD.36194_GSM884761",41.0619656000754,"",0,0.26099628576418,0,0.9925277,0.902436304055837,0.0799243077588833,"male",0.338274295610138
"E.GEOD.15745_GSM401772",38.7321279761822,"",0,0.282639462800402,0,0.9907753,0.893545632197248,0.0853368832750713,"female",0.511013876671889
"E.GEOD.15745_GSM401780",38.3729106777868,"",0,0.264198399752583,0,0.9962631,0.894354858466348,0.0878140634403293,"male",0.348936738481106
"E.GEOD.15745_GSM401691",44.6999755492205,"",0,0.260923970790387,0,0.9943858,0.904953309156946,0.0820150417355418,"male",0.339013726863594
"E.GEOD.15745_GSM401689",46.5031250129793,"",0,0.269619901249438,0,0.9921631,0.904309689464285,0.0842068907548874,"male",0.352701276303226
"E.GEOD.15745_GSM401751",80.0474987383722,"",0,0.26594829529283,0,0.9945976,0.893163893146593,0.0877077065364509,"female",0.490794805373272
"E.GEOD.15745_GSM401715",57.4329179326634,"",0,0.272760702155279,0,0.9882846,0.868191742462563,0.108469037669517,"female",0.438912945640553
"E.GEOD.15745_GSM401774",84.1500770048157,"",0,0.27665775278173,0,0.990411,0.886672816856211,0.0852697307642708,"male",0.349128590417512
"E.GEOD.15745_GSM401723",17.7868748235899,"",0,0.261081688374345,0,0.9943504,0.908908345777855,0.079927682075426,"male",0.340183044123502
"E.GEOD.15745_GSM401672",53.5975116002184,"",0,0.266368700857844,0,0.9955733,0.90340666179573,0.0838666988632997,"male",0.344966515850691
"E.GEOD.15745_GSM401660",44.5235349552161,"",0,0.265829869712589,0,0.9966112,0.898603011711958,0.0847755036438486,"male",0.344949183290323
"E.GEOD.15745_GSM401754",73.6391352209736,"",0,0.266519901899663,0,0.9943052,0.885845200292632,0.0900739176760747,"male",0.347314098809217
"E.GEOD.15745_GSM401729",47.8275948729544,"",0,0.253874785850618,0,0.9910673,0.924560094316517,0.0703064852284748,"male",0.33720467804424
"E.GEOD.15745_GSM401708",46.0496629550081,"",0,0.270186052099307,0,0.9957122,0.896808095783005,0.0860927048946841,"female",0.48938490139447
"E.GEOD.15745_GSM401663",68.5669693133774,"",0,0.264742338627185,0,0.9935064,0.888837329771845,0.0869119699889915,"male",0.343877431691244
"E.GEOD.15745_GSM401694",41.0002179857712,"",0,0.267058417519698,0,0.9963347,0.899556897329395,0.0859592963938544,"female",0.487003322970507
"E.GEOD.15745_GSM401746",71.5258488790315,"",0,0.26474979117456,0,0.9932453,0.874629753724224,0.0919769886087497,"male",0.349577233415668
"E.GEOD.15745_GSM401766",19.6713083902656,"",0,0.273336980275505,0,0.9936126,0.885524513289153,0.0863967786423737,"male",0.354184396094931
"E.GEOD.15745_GSM401737",37.3087816764986,"",0,0.257436492882675,0,0.994848,0.917425943456349,0.0752488229186077,"male",0.332235722862673
"E.GEOD.15745_GSM401757",77.3976212421733,"",0,0.269475462447885,0,0.9951242,0.89820910717328,0.0862684011855416,"male",0.349015562618433
"E.GEOD.15745_GSM401791",30.4357180751033,"",0,0.266119858746443,0,0.9955355,0.910903262340881,0.0816754136058267,"male",0.348229581520737
"E.GEOD.15745_GSM401666",24.8094096122826,"",0,0.266910500055036,0,0.9945539,0.897724618033411,0.0845730176753051,"female",0.486414848952074
"E.GEOD.15745_GSM401783",54.8873331036816,"",0,0.266177562459519,0,0.9976164,0.912396298730124,0.0802773412544041,"male",0.349414099382488
"E.GEOD.15745_GSM401789",29.392463439763,"",0,0.265273389359233,0,0.9958106,0.891614388356016,0.0885293536499144,"male",0.3557310370553
"E.GEOD.15745_GSM401771",55.7765910369557,"",0,0.291689718397463,0,0.9881002,0.891414002076832,0.0882647061558374,"male",0.37192670718894
"E.GEOD.15745_GSM401692",36.9745904283111,"",0,0.261933224595002,0,0.9954224,0.898298887829434,0.0854501521222698,"male",0.344892860571429
"E.GEOD.15745_GSM401778",42.3484991828958,"",0,0.256865386577555,0,0.9945443,0.902535937356153,0.0828320641600889,"male",0.333367011552074
"E.GEOD.15745_GSM401738",24.3065704544474,"",0,0.257640256360679,0,0.9941526,0.893714438930228,0.0854490734405925,"male",0.340980775017512
"E.GEOD.15745_GSM401697",29.8499696021015,"",0,0.259902339179277,0,0.9950168,0.909948567092043,0.0808273781447575,"male",0.339377613764055
"E.GEOD.15745_GSM401760",44.3396212769992,"",0,0.26228539070168,0,0.9956228,0.897515584374256,0.0857906937734648,"male",0.345557797338249
"E.GEOD.15745_GSM401740",40.9433062699343,"",0,0.264042240263244,0,0.9936938,0.897110132593168,0.0842749901933172,"female",0.490079228997235
"E.GEOD.15745_GSM401720",37.7544812286836,"",0,0.264565905030373,0,0.9931476,0.891368153249178,0.0870096896952093,"male",0.346161360829493
"E.GEOD.15745_GSM401786",23.3545330799368,"",0,0.264151310708597,0,0.9967932,0.901716159134956,0.0861004724758725,"female",0.473339996552995
"E.GEOD.15745_GSM401671",22.4313648839659,"",0,0.264708645123268,0,0.993471,0.89907845926767,0.0845030666265933,"male",0.343709377102304
"E.GEOD.15745_GSM401695",41.9648307176931,"",0,0.259627607749733,0,0.9964371,0.895681876817744,0.0860607383168842,"male",0.340350495443318
"E.GEOD.15745_GSM401755",83.6278853764649,"",0,0.269011015275819,0,0.9945304,0.893560902133946,0.0882624296996759,"male",0.350833286094009
"E.GEOD.15745_GSM401714",45.3445610425928,"",0,0.271955171467896,0,0.9952405,0.903554879836309,0.0839589680433497,"male",0.354335483737327
"E.GEOD.15745_GSM401683",18.4614249451995,"",0,0.260534472721874,0,0.9930388,0.909343617592574,0.0807513962497937,"female",0.496309413309677
"E.GEOD.15745_GSM401743",72.2245123682322,"",0,0.25840693232062,0,0.9930285,0.903234445060209,0.0810340285729061,"male",0.33495258176682
"E.GEOD.15745_GSM401717",51.6251155661923,"",0,0.267935123242746,0,0.9925767,0.897739748711094,0.0850406703793866,"male",0.348483790830415
"E.GEOD.15745_GSM401675",59.0510217445192,"",0,0.270659106897075,0,0.9955864,0.891204899996257,0.0878150021264772,"male",0.351980447042396
"E.GEOD.15745_GSM401758",85.3244157374651,"",0,0.269283246802742,0,0.9962868,0.891934037495593,0.0886181824800924,"male",0.350045025787097
"E.GEOD.15745_GSM401731",28.7773859750214," Warning: meanMethBySample is <0.25 Warning: Relatively low correlation between the methylation levels of this sample and the expected values: corSampleVSgoldstandard<0.85.",0,0.248649445087374,0,0.9922734,0.8362232941937,0.104516399805504,"male",0.334338557303226
"E.GEOD.15745_GSM401700",20.8566638313379,"",0,0.261742126697642,0,0.9959344,0.901672053016182,0.0843565642230919,"female",0.478921440990783
"E.GEOD.15745_GSM401703",49.9670600076158,"",0,0.265529210016848,0,0.9947093,0.895041181584232,0.0863494550871979,"male",0.34577984259447
"E.GEOD.15745_GSM401711",34.2276990902902,"",0,0.267759397566178,0,0.9954578,0.903156246818323,0.0831545392031919,"female",0.495045753853456
"E.GEOD.15745_GSM401732",79.9916071286311,"",0,0.27028512092793,0,0.993534,0.884634745690905,0.0906813755693445,"female",0.485349724782489
"E.GEOD.15745_GSM401674",33.7210183137997,"",0,0.267697111059294,0,0.996303,0.896751902530038,0.0861443452722808,"male",0.347610387230415
"E.GEOD.15745_GSM401668",17.8535611678201,"",0,0.266518834403969,0,0.9952998,0.912775526244003,0.0789892693428673,"male",0.346119979553917
"E.GEOD.15745_GSM401680",38.2656416821855,"",0,0.26624489548128,0,0.9950343,0.89917550211806,0.0840868037138858,"male",0.346146090764055
"E.GEOD.15745_GSM401686",41.4711962260573,"",0,0.269057062150131,0,0.9913852,0.899575185302287,0.0836646122626863,"male",0.350208209028571
"E.GEOD.15745_GSM401734",62.1906654470586," Warning: meanMethBySample is <0.25 Warning: Relatively low correlation between the methylation levels of this sample and the expected values: corSampleVSgoldstandard<0.85.",0,0.248811856441735,0,0.993154,0.835553166248584,0.103581585278278,"female",0.468894979505991
"E.GEOD.15745_GSM401688",17.6500758480549,"",0,0.254940856799794,0,0.9913512,0.886521343701176,0.088539556506826,"male",0.337869343090323
"E.GEOD.15745_GSM401763",72.902803483325,"",0,0.266166519577873,0,0.9934649,0.908263583732503,0.0803496011186658,"male",0.342068561763134
"E.GEOD.15745_GSM401709",38.7417916577795,"",0,0.271795681490818,0,0.9962096,0.90223980570515,0.0841534051246577,"female",0.474110870384332
"E.GEOD.15745_GSM401777",21.7515840675082,"",0,0.270203330558826,0,0.9953315,0.894290117612629,0.0869380651454448,"male",0.353594302117051
"E.GEOD.15745_GSM401706",24.5373260104481,"",0,0.26252121811901,0,0.995912,0.899912833461343,0.0851440054268192,"male",0.342631446729954
"E.GEOD.15745_GSM401769",59.9257689928623,"",0,0.283687017547454,0,0.9921327,0.893992696103035,0.0852764466685574,"male",0.35702852276129
"E.GEOD.15745_GSM401677",30.5459476682015,"",0,0.268540983584612,0,0.9947069,0.904998191290793,0.0827067750445142,"male",0.34789026396682
"E.GEOD.15745_GSM401752",76.0806372928351,"",0,0.256989895079511,0,0.9942707,0.895766149930762,0.0841065937533103,"female",0.456827990090323
"E.GEOD.15745_GSM401735",43.630788455137,"",0,0.268201505758611,0,0.9943824,0.905264578179759,0.0830908472369688,"female",0.512101591039631
"E.GEOD.15745_GSM401712",16.5897150415162,"",0,0.264677157011279,0,0.995248,0.892487963326878,0.0872389354503545,"female",0.480382267282949
"E.GEOD.36194_GSM401691",44.6999755492205,"",0,0.260923970790387,0,0.9943858,0.904953309156946,0.0820150417355418,"male",0.339013726863594
"E.GEOD.36194_GSM401689",46.5031250129793,"",0,0.269619901249438,0,0.9921631,0.904309689464285,0.0842068907548874,"male",0.352701276303226
"E.GEOD.36194_GSM401705",49.6046675297265,"",0,0.266472564860914,0,0.9949392,0.89409162647322,0.0877918661733652,"male",0.348618655430415
"E.GEOD.36194_GSM401664",14.0869297921784,"",0,0.268289842172033,0,0.9955639,0.91610752740201,0.0767689598805822,"male",0.349794927587097
"E.GEOD.36194_GSM401693",28.3455308689102,"",0,0.259098610343083,0,0.9958578,0.903738438602514,0.0827865181352309,"male",0.341598670905991
"E.GEOD.36194_GSM401672",53.5975116002184,"",0,0.266368700857844,0,0.9955733,0.90340666179573,0.0838666988632997,"male",0.344966515850691
"E.GEOD.36194_GSM401684",20.1936055240169,"",0,0.265536226590509,0,0.992905,0.900753017319401,0.0850008815976402,"male",0.34854823841659
"E.GEOD.36194_GSM401660",44.5235349552161,"",0,0.265829869712589,0,0.9966112,0.898603011711958,0.0847755036438486,"male",0.344949183290323
"E.GEOD.36194_GSM401665",58.0011779819182,"",0,0.262092586411082,0,0.9934724,0.912101021291611,0.0743966863916868,"male",0.341448481948387
"E.GEOD.36194_GSM401708",46.0496629550081,"",0,0.270186052099307,0,0.9957122,0.896808095783005,0.0860927048946841,"female",0.48938490139447
"E.GEOD.36194_GSM401663",68.5669693133774,"",0,0.264742338627185,0,0.9935064,0.888837329771845,0.0869119699889915,"male",0.343877431691244
"E.GEOD.36194_GSM401676",46.0040582278885,"",0,0.267577101127153,0,0.9946234,0.902040061973672,0.0833261980920843,"male",0.346317987428571
"E.GEOD.36194_GSM401694",41.0002179857712,"",0,0.267058417519698,0,0.9963347,0.899556897329395,0.0859592963938544,"female",0.487003322970507
"E.GEOD.36194_GSM401685",31.3355348279175,"",0,0.262395944898259,0,0.9922981,0.904171372893943,0.0821304732910535,"female",0.480951178035945
"E.GEOD.36194_GSM401670",44.3003761884663,"",0,0.269593578763338,0,0.9961894,0.902821705715134,0.0828225095817444,"female",0.495355251452535
"E.GEOD.36194_GSM401667",24.5254095224336,"",0,0.263827506207273,0,0.9944596,0.90460109082806,0.0813517344771237,"female",0.47309958335023
"E.GEOD.36194_GSM401666",24.8094096122826,"",0,0.266910500055036,0,0.9945539,0.897724618033411,0.0845730176753051,"female",0.486414848952074
"E.GEOD.36194_GSM401696",41.2178374690408,"",0,0.270874615072646,0,0.9961878,0.891101328960335,0.0899375417942773,"male",0.356284188080184
"E.GEOD.36194_GSM401687",14.7983083999922,"",0,0.25584848593626,0,0.9922965,0.886758069787922,0.0876193527990362,"female",0.460139966362212
"E.GEOD.36194_GSM401701",46.0927268577222,"",0,0.266732739616459,0,0.9961876,0.898204868550538,0.0860104219500969,"male",0.346741427847005
"E.GEOD.36194_GSM401692",36.9745904283111,"",0,0.261933224595002,0,0.9954224,0.898298887829434,0.0854501521222698,"male",0.344892860571429
"E.GEOD.36194_GSM401697",29.8499696021015,"",0,0.259902339179277,0,0.9950168,0.909948567092043,0.0808273781447575,"male",0.339377613764055
"E.GEOD.36194_GSM401690",20.0355595210882,"",0,0.254964452725524,0,0.993995,0.90716306056508,0.0797219494446279,"female",0.447180830567742
"E.GEOD.36194_GSM401682",37.3058806908616,"",0,0.265014318402799,0,0.9937075,0.904929735570737,0.0831732321466304,"female",0.501975662261751
"E.GEOD.36194_GSM401661",65.4313283905115,"",0,0.262495585919871,0,0.9948035,0.882004328627127,0.0889847693363304,"male",0.3427436583447
"E.GEOD.36194_GSM401704",36.0495970740452,"",0,0.26015528902836,0,0.99546,0.903932522811171,0.0821098837903295,"male",0.339480500683871
"E.GEOD.36194_GSM401671",22.4313648839659,"",0,0.264708645123268,0,0.993471,0.89907845926767,0.0845030666265933,"male",0.343709377102304
"E.GEOD.36194_GSM401695",41.9648307176931,"",0,0.259627607749733,0,0.9964371,0.895681876817744,0.0860607383168842,"male",0.340350495443318
"E.GEOD.36194_GSM401662",37.4713890538297,"",0,0.263634080337186,0,0.9941704,0.894009882176109,0.0854549510140765,"male",0.342888591593548
"E.GEOD.36194_GSM401683",18.4614249451995,"",0,0.260534472721874,0,0.9930388,0.909343617592574,0.0807513962497937,"female",0.496309413309677
"E.GEOD.36194_GSM401675",59.0510217445192,"",0,0.270659106897075,0,0.9955864,0.891204899996257,0.0878150021264772,"male",0.351980447042396
"E.GEOD.36194_GSM401700",20.8566638313379,"",0,0.261742126697642,0,0.9959344,0.901672053016182,0.0843565642230919,"female",0.478921440990783
"E.GEOD.36194_GSM401669",47.4978783676021,"",0,0.267386577953435,0,0.9951316,0.891187792343677,0.0871893592373845,"male",0.349234587297696
"E.GEOD.36194_GSM401678",45.527160588952,"",0,0.269024477233854,0,0.9930073,0.892116471858364,0.0874507127823497,"male",0.345439101920737
"E.GEOD.36194_GSM401707",24.3356576626977,"",0,0.255557051027986,0,0.9952367,0.903678028743041,0.080073431579522,"female",0.461643280379724
"E.GEOD.36194_GSM401703",49.9670600076158,"",0,0.265529210016848,0,0.9947093,0.895041181584232,0.0863494550871979,"male",0.34577984259447
"E.GEOD.36194_GSM401698",60.7754626457391,"",0,0.264947347821939,0,0.9961586,0.903664433828204,0.0834396117985033,"female",0.483348513910599
"E.GEOD.36194_GSM401659",20.9184172084671,"",0,0.263858280280139,0,0.9947607,0.902369549769545,0.0826131684663903,"male",0.342739604417512
"E.GEOD.36194_GSM401674",33.7210183137997,"",0,0.267697111059294,0,0.996303,0.896751902530038,0.0861443452722808,"male",0.347610387230415
"E.GEOD.36194_GSM401668",17.8535611678201,"",0,0.266518834403969,0,0.9952998,0.912775526244003,0.0789892693428673,"male",0.346119979553917
"E.GEOD.36194_GSM401680",38.2656416821855,"",0,0.26624489548128,0,0.9950343,0.89917550211806,0.0840868037138858,"male",0.346146090764055
"E.GEOD.36194_GSM401686",41.4711962260573,"",0,0.269057062150131,0,0.9913852,0.899575185302287,0.0836646122626863,"male",0.350208209028571
"E.GEOD.36194_GSM401688",17.6500758480549,"",0,0.254940856799794,0,0.9913512,0.886521343701176,0.088539556506826,"male",0.337869343090323
"E.GEOD.36194_GSM401679",35.0136802346721,"",0,0.259924040612144,0,0.994814,0.900872772358785,0.0837216907241213,"male",0.338399460907834
"E.GEOD.36194_GSM401699",33.526426942762,"",0,0.262386923355574,0,0.9952767,0.919669857819632,0.0775200369881784,"male",0.344888467287558
"E.GEOD.36194_GSM401702",38.3580488347872,"",0,0.267152939964792,0,0.996014,0.904560501183885,0.083509449829772,"female",0.493329732485714
"E.GEOD.36194_GSM401681",43.6705085257081,"",0,0.269830492065425,0,0.995152,0.896942545134602,0.0866749303149128,"female",0.502280957497696
"E.GEOD.36194_GSM401706",24.5373260104481,"",0,0.26252121811901,0,0.995912,0.899912833461343,0.0851440054268192,"male",0.342631446729954
"E.GEOD.36194_GSM401677",30.5459476682015,"",0,0.268540983584612,0,0.9947069,0.904998191290793,0.0827067750445142,"male",0.34789026396682
"E.GEOD.36194_GSM401673",58.1034565359345,"",0,0.265960042584612,0,0.9962838,0.899664602523153,0.0846467482662917,"male",0.344016670547465
"E.GEOD.36194_GSM401739",28.6331089664421,"",0,0.269108956592054,0,0.9942747,0.899087945671015,0.084274133944946,"male",0.349650930231336
"E.GEOD.36194_GSM401733",45.1198566689405,"",0,0.266672671831103,0,0.9925127,0.896769635257013,0.0861613990587331,"female",0.50336510802212
"E.GEOD.36194_GSM401772",38.7321279761822,"",0,0.282639462800402,0,0.9907753,0.893545632197248,0.0853368832750713,"female",0.511013876671889
"E.GEOD.36194_GSM401780",38.3729106777868,"",0,0.264198399752583,0,0.9962631,0.894354858466348,0.0878140634403293,"male",0.348936738481106
"E.GEOD.36194_GSM401749",66.7365397663996,"",0,0.261039339277377,0,0.9944263,0.891610769151138,0.0866539287202506,"male",0.340277075126267
"E.GEOD.36194_GSM401773",36.654801690751,"",0,0.275692167857029,0,0.9944887,0.894840325587785,0.0833803969553023,"male",0.351912658141936
"E.GEOD.36194_GSM401724",16.3318572653176,"",0,0.256493902982591,0,0.9923691,0.912563626788888,0.0778975353188375,"male",0.335535099521659
"E.GEOD.36194_GSM401726",17.3989691732664,"",0,0.263295769184903,0,0.994323,0.900312952648838,0.0833800316738906,"female",0.466500217098617
"E.GEOD.36194_GSM401776",58.0511575835478,"",0,0.275554393309715,0,0.9951643,0.902088424091416,0.0838257364337779,"male",0.355156124696774
"E.GEOD.36194_GSM401751",80.0474987383722,"",0,0.26594829529283,0,0.9945976,0.893163893146593,0.0877077065364509,"female",0.490794805373272
"E.GEOD.36194_GSM401730",20.8581762391378,"",0,0.258841464518954,0,0.9947281,0.913147575396486,0.0788415874889592,"male",0.339219167048848
"E.GEOD.36194_GSM401736",48.6029454684057,"",0,0.266187335923905,0,0.9927997,0.892556143272616,0.0864043133199349,"male",0.34688992544977
"E.GEOD.36194_GSM401715",57.4329179326634,"",0,0.272760702155279,0,0.9882846,0.868191742462563,0.108469037669517,"female",0.438912945640553
"E.GEOD.36194_GSM401787",61.4872897168204,"",0,0.271803952087977,0,0.9958681,0.898333083935204,0.0872723088477968,"male",0.356670597738249
"E.GEOD.36194_GSM401744",40.1624900675806,"",0,0.263303924176338,0,0.9936042,0.885449314734662,0.0878011188453014,"female",0.491679889133641
"E.GEOD.36194_GSM401790",25.0316340269448,"",0,0.264407937187711,0,0.9934784,0.8925178047335,0.087629610334832,"female",0.503910951673733
"E.GEOD.36194_GSM401774",84.1500770048157,"",0,0.27665775278173,0,0.990411,0.886672816856211,0.0852697307642708,"male",0.349128590417512
"E.GEOD.36194_GSM401723",17.7868748235899,"",0,0.261081688374345,0,0.9943504,0.908908345777855,0.079927682075426,"male",0.340183044123502
"E.GEOD.36194_GSM401747",80.9683900843626,"",0,0.265297900143954,0,0.9940228,0.905845216497987,0.0819218442393283,"female",0.47485232897788
"E.GEOD.36194_GSM401767",42.8098183305771,"",0,0.27948402763918,0,0.9926947,0.896032883500471,0.0840208737715627,"male",0.357852248691244
"E.GEOD.36194_GSM401754",73.6391352209736,"",0,0.266519901899663,0,0.9943052,0.885845200292632,0.0900739176760747,"male",0.347314098809217
"E.GEOD.36194_GSM401729",47.8275948729544,"",0,0.253874785850618,0,0.9910673,0.924560094316517,0.0703064852284748,"male",0.33720467804424
"E.GEOD.36194_GSM401716",23.1744235854486,"",0,0.258214162924186,0,0.993212,0.902351084539534,0.0809191259965042,"male",0.338294730107834
"E.GEOD.36194_GSM401781",65.2179907211332,"",0,0.263525783101142,0,0.9963039,0.883489630516884,0.0911653620640737,"female",0.47306826437447
"E.GEOD.36194_GSM401746",71.5258488790315,"",0,0.26474979117456,0,0.9932453,0.874629753724224,0.0919769886087497,"male",0.349577233415668
"E.GEOD.36194_GSM401766",19.6713083902656,"",0,0.273336980275505,0,0.9936126,0.885524513289153,0.0863967786423737,"male",0.354184396094931
"E.GEOD.36194_GSM401737",37.3087816764986,"",0,0.257436492882675,0,0.994848,0.917425943456349,0.0752488229186077,"male",0.332235722862673
"E.GEOD.36194_GSM401757",77.3976212421733,"",0,0.269475462447885,0,0.9951242,0.89820910717328,0.0862684011855416,"male",0.349015562618433
"E.GEOD.36194_GSM401791",30.4357180751033,"",0,0.266119858746443,0,0.9955355,0.910903262340881,0.0816754136058267,"male",0.348229581520737
"E.GEOD.36194_GSM401783",54.8873331036816,"",0,0.266177562459519,0,0.9976164,0.912396298730124,0.0802773412544041,"male",0.349414099382488
"E.GEOD.36194_GSM401762",45.1745191618395,"",0,0.270079846490004,0,0.9961686,0.905142993336008,0.0838373461487448,"male",0.349637537084793
"E.GEOD.36194_GSM401789",29.392463439763,"",0,0.265273389359233,0,0.9958106,0.891614388356016,0.0885293536499144,"male",0.3557310370553
"E.GEOD.36194_GSM401771",55.7765910369557,"",0,0.291689718397463,0,0.9881002,0.891414002076832,0.0882647061558374,"male",0.37192670718894
"E.GEOD.36194_GSM401710",17.7305860939282,"",0,0.265081164071092,0,0.9959554,0.902563423514631,0.083844521171114,"male",0.344353336835023
"E.GEOD.36194_GSM401778",42.3484991828958,"",0,0.256865386577555,0,0.9945443,0.902535937356153,0.0828320641600889,"male",0.333367011552074
"E.GEOD.36194_GSM401738",24.3065704544474,"",0,0.257640256360679,0,0.9941526,0.893714438930228,0.0854490734405925,"male",0.340980775017512
"E.GEOD.36194_GSM401725",80.6459850294113,"",0,0.271596379280326,0,0.9940813,0.904610518822949,0.082759413377857,"female",0.495505101863594
"E.GEOD.36194_GSM401741",70.9820604179483," Warning: meanMethBySample is <0.25",0,0.244578208849401,0,0.9917493,0.90169730023341,0.076126083498582,"male",0.309823694028571
"E.GEOD.36194_GSM401760",44.3396212769992,"",0,0.26228539070168,0,0.9956228,0.897515584374256,0.0857906937734648,"male",0.345557797338249
"E.GEOD.36194_GSM401745",81.3718951440201,"",0,0.269788655236803,0,0.9927146,0.901482674892108,0.0847288716609549,"male",0.351024944132719
"E.GEOD.36194_GSM401748",79.5142957429197,"",0,0.267036008718364,0,0.9936115,0.904968456162891,0.0818576830494713,"male",0.342835836934562
"E.GEOD.36194_GSM401770",87.3535255511028,"",0,0.2839969919788,0,0.9911017,0.88781268710962,0.0880126615027759,"female",0.516619187660829
"E.GEOD.36194_GSM401740",40.9433062699343,"",0,0.264042240263244,0,0.9936938,0.897110132593168,0.0842749901933172,"female",0.490079228997235
"E.GEOD.36194_GSM401720",37.7544812286836,"",0,0.264565905030373,0,0.9931476,0.891368153249178,0.0870096896952093,"male",0.346161360829493
"E.GEOD.36194_GSM401786",23.3545330799368,"",0,0.264151310708597,0,0.9967932,0.901716159134956,0.0861004724758725,"female",0.473339996552995
"E.GEOD.36194_GSM401753",79.7102399195279,"",0,0.268166435290771,0,0.9950874,0.899961814186256,0.0851224902046163,"female",0.485142932988018
"E.GEOD.36194_GSM401755",83.6278853764649,"",0,0.269011015275819,0,0.9945304,0.893560902133946,0.0882624296996759,"male",0.350833286094009
"E.GEOD.36194_GSM401714",45.3445610425928,"",0,0.271955171467896,0,0.9952405,0.903554879836309,0.0839589680433497,"male",0.354335483737327
"E.GEOD.36194_GSM401764",77.1850431939328,"",0,0.269053000723699,0,0.9946133,0.891258052247646,0.08779852323138,"male",0.348399039662673
"E.GEOD.36194_GSM401765",40.6910772901115,"",0,0.265319299442156,0,0.9916854,0.886942683907125,0.086992349885852,"female",0.488127793364977
"E.GEOD.36194_GSM401719",43.8608708942975,"",0,0.252639244207928,0,0.9929886,0.896857577632067,0.0800899916753021,"female",0.437558968836866
"E.GEOD.36194_GSM401727",45.7131020875688,"",0,0.264695297002948,0,0.9927438,0.882151669570888,0.0896506348850775,"female",0.487181914407373
"E.GEOD.36194_GSM401743",72.2245123682322,"",0,0.25840693232062,0,0.9930285,0.903234445060209,0.0810340285729061,"male",0.33495258176682
"E.GEOD.36194_GSM401717",51.6251155661923,"",0,0.267935123242746,0,0.9925767,0.897739748711094,0.0850406703793866,"male",0.348483790830415
"E.GEOD.36194_GSM401758",85.3244157374651,"",0,0.269283246802742,0,0.9962868,0.891934037495593,0.0886181824800924,"male",0.350045025787097
"E.GEOD.36194_GSM401731",28.7773859750214," Warning: meanMethBySample is <0.25 Warning: Relatively low correlation between the methylation levels of this sample and the expected values: corSampleVSgoldstandard<0.85.",0,0.248649445087374,0,0.9922734,0.8362232941937,0.104516399805504,"male",0.334338557303226
"E.GEOD.36194_GSM401722",20.6160056745923,"",0,0.257811876697024,0,0.9929795,0.894875213070455,0.0842409610046114,"female",0.474101577167742
"E.GEOD.36194_GSM401742",79.7321158273028,"",0,0.262232787506411,0,0.9930106,0.890490866702306,0.0858845559973768,"male",0.340377151661751
"E.GEOD.36194_GSM401718",42.2466917193814,"",0,0.261244949812617,0,0.993561,0.888275656701183,0.086021290495114,"male",0.342196142667281
"E.GEOD.36194_GSM401711",34.2276990902902,"",0,0.267759397566178,0,0.9954578,0.903156246818323,0.0831545392031919,"female",0.495045753853456
"E.GEOD.36194_GSM401732",79.9916071286311,"",0,0.27028512092793,0,0.993534,0.884634745690905,0.0906813755693445,"female",0.485349724782489
"E.GEOD.36194_GSM401784",43.4869758496019,"",0,0.26274372043136,0,0.9961094,0.900172998387642,0.0858775236563092,"male",0.344789876356682
"E.GEOD.36194_GSM401759",71.3814658947383,"",0,0.262726425453388,0,0.9966152,0.899423515815996,0.0852769492013523,"male",0.356885758340092
"E.GEOD.36194_GSM401734",62.1906654470586," Warning: meanMethBySample is <0.25 Warning: Relatively low correlation between the methylation levels of this sample and the expected values: corSampleVSgoldstandard<0.85.",0,0.248811856441735,0,0.993154,0.835553166248584,0.103581585278278,"female",0.468894979505991
"E.GEOD.36194_GSM401721",33.4695014674009,"",0,0.267944980160801,0,0.9932198,0.904330793842664,0.0814435964244255,"male",0.346698539664516
"E.GEOD.36194_GSM401788",32.0784270203103,"",0,0.26022781135511,0,0.9956767,0.908544852396799,0.0817106201228633,"female",0.485980187178802
"E.GEOD.36194_GSM401728",24.6688569587389,"",0,0.262726955193794,0,0.9949674,0.898237056205855,0.0849277073813121,"male",0.343622391406452
"E.GEOD.36194_GSM401763",72.902803483325,"",0,0.266166519577873,0,0.9934649,0.908263583732503,0.0803496011186658,"male",0.342068561763134
"E.GEOD.36194_GSM401709",38.7417916577795,"",0,0.271795681490818,0,0.9962096,0.90223980570515,0.0841534051246577,"female",0.474110870384332
"E.GEOD.36194_GSM401785",21.211452081313,"",0,0.269119369722276,0,0.9963259,0.908905745676019,0.0831465383265246,"male",0.354095626387097
"E.GEOD.36194_GSM401775",54.2632198599692,"",0,0.272958731466174,0,0.9947349,0.894753270820243,0.0865510005930649,"male",0.354267232723502
"E.GEOD.36194_GSM401777",21.7515840675082,"",0,0.270203330558826,0,0.9953315,0.894290117612629,0.0869380651454448,"male",0.353594302117051
"E.GEOD.36194_GSM401713",63.3138247434976,"",0,0.265849858868897,0,0.9940693,0.898286297173013,0.0854164082312275,"male",0.344850627351152
"E.GEOD.36194_GSM401782",36.795119094026,"",0,0.265938548876792,0,0.9960446,0.890540583947735,0.091093854786894,"male",0.351047735891244
"E.GEOD.36194_GSM401761",24.5849486708837,"",0,0.263669242385642,0,0.9964209,0.906466400778693,0.0828314680512111,"male",0.346821501845161
"E.GEOD.36194_GSM401768",43.2961029478668,"",0,0.277894300394796,0,0.9931128,0.889145016768917,0.0865789791039512,"female",0.506407465952074
"E.GEOD.36194_GSM401750",40.6846428875505,"",0,0.267184780510389,0,0.9934508,0.90375180832421,0.0832667975633178,"male",0.348624642630415
"E.GEOD.36194_GSM401756",74.5720450460794,"",0,0.267568143651568,0,0.9948726,0.907012029467529,0.0816941100318707,"female",0.499873680678341
"E.GEOD.36194_GSM401769",59.9257689928623,"",0,0.283687017547454,0,0.9921327,0.893992696103035,0.0852764466685574,"male",0.35702852276129
"E.GEOD.36194_GSM401752",76.0806372928351,"",0,0.256989895079511,0,0.9942707,0.895766149930762,0.0841065937533103,"female",0.456827990090323
"E.GEOD.36194_GSM401735",43.630788455137,"",0,0.268201505758611,0,0.9943824,0.905264578179759,0.0830908472369688,"female",0.512101591039631
"E.GEOD.36194_GSM401712",16.5897150415162,"",0,0.264677157011279,0,0.995248,0.892487963326878,0.0872389354503545,"female",0.480382267282949
"E.GEOD.36194_GSM401779",17.9284402440868,"",0,0.254021793741164,0,0.995084,0.888813025098157,0.0866411936269202,"male",0.337393980940092
